"ano";"mes";"bndes_finem";"bndes_exim";"bndes_nao_reembolsavel";"bndes_automatico";"bndes_finame";"cartao_bndes"
1995;1;"7511,4017483";"3154,680457";"0,0";"38412,2475349";"242020,1384325";"0,0"
1995;2;"14315,207536";"7062,5530254";"0,0";"56078,4984703";"174987,9485015";"0,0"
1995;3;"23339,652517";"1253,3233924";"0,0";"86092,7299629001";"308176,1837644";"0,0"
1995;4;"19161,7691333";"1171,0";"0,0";"66137,5150518";"257442,780362099";"0,0"
1995;5;"26752,2694024";"1763,0";"0,0";"84984,0712689999";"373061,6319692";"0,0"
1995;6;"20422,3767967";"4179,0930051";"0,0";"77583,6496404";"337593,135544399";"0,0"
1995;7;"43679,9009908";"2887,7336814";"0,0";"90751,052107";"310022,630055998";"0,0"
1995;8;"45005,1268876";"2741,4846204";"0,0";"81966,8887435";"290319,775182099";"0,0"
1995;9;"38201,0321091";"4607,5269954";"0,0";"80647,5416409";"241911,4292625";"0,0"
1995;10;"32814,6285739";"28911,4293722";"0,0";"88159,6840473";"268678,3562745";"0,0"
1995;11;"50289,0785664";"13909,4492255";"0,0";"93881,2556573";"276229,250944999";"0,0"
1995;12;"96058,0585821";"19394,9877076";"0,0";"107187,4142941";"232969,222548201";"0,0"
1996;1;"33597,603772";"12012,7862593";"0,0";"67233,2024167";"162684,5663585";"0,0"
1996;2;"68203,8197422";"4920,5409499";"0,0";"52686,3666305";"147416,2088948";"0,0"
1996;3;"65275,6411156";"8717,2478066";"0,0";"152004,4097677";"278427,238021199";"0,0"
1996;4;"51278,3536489";"6439,8184587";"0,0";"89890,6187772999";"194607,9862667";"0,0"
1996;5;"34312,46783";"7060,6779911";"0,0";"128276,1158085";"201956,2792592";"0,0"
1996;6;"70355,711434";"15287,268619";"0,0";"109189,9712736";"180377,0582825";"0,0"
1996;7;"66626,2765226";"8825,1381524";"0,0";"135877,9007453";"197561,8936925";"0,0"
1996;8;"54357,6824395";"1070,394783";"0,0";"114731,7777909";"221303,3701464";"0,0"
1996;9;"39831,881455";"6093,9622394";"0,0";"134573,9107349";"215271,161256";"0,0"
1996;10;"27508,8766905";"10103,1000297";"0,0";"116051,052895";"168509,4867123";"0,0"
1996;11;"58980,577774";"3802,0897433";"0,0";"91849,2943358999";"161126,938756";"0,0"
1996;12;"119484,4576866";"1957,4791396";"0,0";"164159,0542519";"198695,717103";"0,0"
1997;1;"33438,7598056";"70000,0";"0,0";"86730,6114728999";"138558,8343179";"0,0"
1997;2;"34185,1282965";"536,0739983";"0,0";"104012,0276492";"103617,0644896";"0,0"
1997;3;"24098,2202429";"0,0";"0,0";"110945,8615928";"155966,0810646";"0,0"
1997;4;"68346,2362011";"28430,4952988";"0,0";"137475,4442608";"206360,901674";"0,0"
1997;5;"29455,601944";"10945,03734";"0,0";"172741,5273326";"203543,5017831";"0,0"
1997;6;"36840,4264965";"32031,0689287";"0,0";"229188,884274999";"225618,5573348";"0,0"
1997;7;"60808,6971941";"20009,7145688";"0,0";"154216,851077799";"220745,5433877";"0,0"
1997;8;"54534,946028";"73701,71224";"0,0";"92239,46992";"177178,6985442";"0,0"
1997;9;"39545,0139013";"43932,893992";"0,0";"280025,702245601";"208116,7788893";"0,0"
1997;10;"53548,1189519";"56347,8286973";"0,0";"186375,12544";"269552,792129199";"0,0"
1997;11;"41642,0154479";"56320,16746";"0,0";"195982,6362689";"278030,2734037";"0,0"
1997;12;"43667,8939492";"93171,07776";"0,0";"266464,4770272";"377349,5016649";"0,0"
1998;1;"6849,9171877";"98564,39973";"0,0";"147915,9201724";"241980,2866511";"0,0"
1998;2;"72140,287556";"44224,0002";"0,0";"164859,7740203";"257030,6380069";"0,0"
1998;3;"117321,1067484";"61223,57789";"0,0";"138835,1694529";"315284,958538901";"0,0"
1998;4;"8102,4177137";"40091,40847";"0,0";"153393,2977226";"256623,8818152";"0,0"
1998;5;"15276,6276261";"87524,63";"0,0";"140363,6473735";"274303,5533986";"0,0"
1998;6;"45858,9531669";"93724,06325";"0,0";"152749,2920057";"274022,968033701";"0,0"
1998;7;"31976,5331787";"56772,324";"0,0";"166053,1442706";"321185,9796604";"0,0"
1998;8;"90650,4184419";"91736,842";"0,0";"119391,495339";"337867,265765801";"0,0"
1998;9;"62932,143299";"36188,1085398";"0,0";"214004,632371701";"227482,626597";"0,0"
1998;10;"93857,6825433";"7821,0849";"140,4622216";"157886,7372656";"296291,6469626";"0,0"
1998;11;"83763,9973682";"46862,7975909";"69,8512403";"236971,8894922";"275760,5264383";"0,0"
1998;12;"111177,9702558";"107519,3454134";"0,0";"189048,2463883";"229039,6224042";"0,0"
1999;1;"21107,0754867";"68183,45051";"0,0";"122861,4081933";"129057,8259401";"0,0"
1999;2;"14556,5919797";"45836,3517337";"0,0";"65547,6468395001";"72529,7394820001";"0,0"
1999;3;"213499,1899156";"70705,85846";"0,0";"70292,5839104997";"96277,7878825";"0,0"
1999;4;"88595,9374294";"67627,9283902";"0,0";"101891,0813761";"117025,5796516";"0,0"
1999;5;"31337,4603323";"83911,7059735";"0,0";"90567,0514288";"93139,9471179";"0,0"
1999;6;"216045,2821763";"105063,57413";"0,0";"70874,2375480998";"93585,6597310998";"0,0"
1999;7;"57369,7811367";"42755,47";"129,1502499";"79332,696313692";"102652,7127435";"0,0"
1999;8;"59967,4513164";"37315,96268";"8,7511825";"75420,3899379";"142645,9047886";"0,0"
1999;9;"60472,0410593";"57505,91992";"0,0";"62613,6430391";"119866,601129";"0,0"
1999;10;"81207,4176161";"98046,54507";"0,0";"64547,2911518001";"117477,4714698";"0,0"
1999;11;"156503,3843302";"48875,14923";"0,0";"64922,5021672";"124361,4117852";"0,0"
1999;12;"721239,5489971";"73007,24684";"35,8494553";"141748,059708899";"173492,6808326";"0,0"
2000;1;"65013,0674554";"31731,82987";"13,8584914";"75162,0054978004";"105165,6549821";"0,0"
2000;2;"30103,3686345";"17437,13442";"0,0";"79290,1556437999";"120280,6187843";"0,0"
2000;3;"95893,5739896";"118863,28315";"9,8231261";"77732,3810621995";"137800,7424538";"0,0"
2000;4;"71378,2225908";"47993,52595";"0,0";"71938,1045009008";"136920,2241754";"0,0"
2000;5;"42572,5569459";"38127,8411";"0,0";"74016,1939710002";"182247,401756001";"0,0"
2000;6;"25244,3893291";"63277,70429";"0,0";"96106,3946057997";"195069,0763208";"0,0"
2000;7;"114511,7619433";"19595,97486";"78,9596687";"78185,6009920991";"206548,860133401";"0,0"
2000;8;"92608,1101561";"94847,3822908";"0,0";"76569,7039483001";"251558,0678585";"0,0"
2000;9;"70407,2503536";"64672,0978162";"0,0";"72445,4241273001";"202501,136125";"0,0"
2000;10;"66409,9977396";"304624,9329832";"0,0";"68377,7039428001";"196226,353762";"0,0"
2000;11;"701377,1966753";"139111,6402386";"0,0";"85207,5859236002";"135832,7229332";"0,0"
2000;12;"730702,348747501";"304480,5643741";"0,0";"105594,741705";"278207,383847799";"0,0"
2001;1;"30229,3886416";"57100,0323903";"0,0";"77067,8613765995";"181871,264629";"0,0"
2001;2;"8492,3162811";"150330,953809";"0,0";"78620,344537";"146049,2858627";"0,0"
2001;3;"223638,9219102";"230664,7844689";"0,0";"76870,4432700992";"205083,9802834";"0,0"
2001;4;"44349,8998095";"49993,839217";"0,0";"80050,1744624998";"150202,814844899";"0,0"
2001;5;"62012,3515068";"53385,4469181";"0,0";"89459,305648992";"159967,4612912";"0,0"
2001;6;"185583,7706486";"25540,1923139";"0,0";"109392,721470597";"166224,478731599";"0,0"
2001;7;"11454,6981736";"72399,2361058";"0,0";"103998,699645006";"183675,2832323";"0,0"
2001;8;"381463,4372113";"112002,9939927";"0,0";"51679,4679493";"205140,5992232";"0,0"
2001;9;"80297,9267907";"17242,6746772";"0,0";"64886,5775345";"189802,297145601";"0,0"
2001;10;"99191,3883714";"37981,4370547";"0,0";"62118,9145360999";"219366,552893799";"0,0"
2001;11;"229948,277997";"70987,9176229";"0,0";"81743,0905654001";"187522,534606901";"0,0"
2001;12;"185016,5922914";"38509,5025656";"0,0";"100239,5666928";"269279,9340679";"0,0"
2002;1;"13282,9547356";"83013,6023211";"0,0";"91276,0293361003";"202634,012273001";"0,0"
2002;2;"31074,0865556";"6667,2091963";"0,0";"61092,2804428";"156194,9781544";"0,0"
2002;3;"23411,1107422";"45907,3812623";"0,0";"84087,2539847";"234835,9686987";"0,0"
2002;4;"53056,8536188";"25361,0622536";"0,0";"87366,4081041999";"199961,3552361";"0,0"
2002;5;"36604,9163681";"52526,9044816";"0,0";"82670,3904798002";"226239,140845";"0,0"
2002;6;"28327,5782784";"36842,1984104";"0,0";"86761,4413629005";"173544,49764";"0,0"
2002;7;"17286,2544866";"25299,7754837";"0,0";"116715,6459801";"188000,990640599";"0,0"
2002;8;"67701,93925";"75247,3376789";"0,0";"59368,7881121006";"219651,2059684";"0,0"
2002;9;"19974,0049091";"296550,8512898";"0,0";"54516,2622256";"171930,0102574";"0,0"
2002;10;"37165,9641178";"248271,5808544";"0,0";"49632,9446152001";"244799,8130422";"0,0"
2002;11;"72216,6320105";"140023,102655";"0,0";"55057,5891557";"107979,0017131";"0,0"
2002;12;"114618,3515889";"188876,5609363";"0,0";"52425,7342711997";"359849,119209301";"0,0"
2003;1;"5784,5726307";"98334,1098006";"0,0";"75086,9570243998";"103350,2363306";"0,0"
2003;2;"20936,9630579";"39815,4410557";"0,0";"61367,8554723999";"137044,0522368";"0,0"
2003;3;"49384,0626009";"52190,0376033";"0,0";"52275,5516517001";"156417,259575";"0,0"
2003;4;"22646,7338743";"21889,6455309";"0,0";"47778,5048028";"180726,2637095";"7,4906592"
2003;5;"54201,0303764";"38565,910862";"0,0";"79961,0776018999";"243022,150275299";"15,4690472"
2003;6;"31728,9378094";"102440,3724135";"0,0";"107686,901483101";"260766,738978202";"15,9268809"
2003;7;"64049,0298236";"43006,5489483";"0,0";"109449,8952756";"274895,307891501";"21,6296873"
2003;8;"20603,4437828";"16629,3272709";"0,0";"64784,4648500001";"237446,7057707";"47,5404839"
2003;9;"34964,5859033";"45365,6678447";"0,0";"63535,5565326";"304820,995386201";"26,9582909"
2003;10;"26006,5313337";"266685,3450154";"0,0";"73402,3172519";"364141,491431701";"79,4283671"
2003;11;"43257,4005769";"816599,2651964";"0,0";"86805,3013345998";"322669,1950084";"58,2307626"
2003;12;"39211,8310182";"350913,4434538";"0,0";"87025,8665753998";"272396,656070501";"129,1416464"
2004;1;"7124,9615418";"219900,36562";"0,0";"83087,6362478001";"306856,9865499";"89,1529678"
2004;2;"57536,3925069";"299122,9631828";"0,0";"91241,2647791997";"307647,1130858";"199,5164218"
2004;3;"17725,3107447";"173654,074475";"0,0";"95746,0332951998";"208704,9414568";"206,9274857"
2004;4;"7164,793107";"253370,6525947";"0,0";"81921,8259383999";"298525,6702443";"197,3106289"
2004;5;"21441,5031172";"6176,134561";"0,0";"63094,4414251999";"247040,2803798";"228,8251925"
2004;6;"78502,0628815001";"5792,3447115";"0,0";"177983,559008403";"266740,127310401";"286,0963724"
2004;7;"66985,6191202";"9191,6665456";"0,0";"110603,3542846";"331564,033285199";"327,5662283"
2004;8;"118454,3985393";"24656,1632138";"0,0";"78057,3545696014";"318669,4104979";"403,1624396"
2004;9;"28544,7326138";"20686,5531683";"0,0";"122293,853070001";"367324,9584223";"410,8237637"
2004;10;"49663,7485742";"335386,8175206";"0,0";"58786,1165369001";"436637,808942202";"515,7982509"
2004;11;"47045,6151189";"365452,4988861";"0,0";"111133,9712981";"431355,659821099";"565,437273"
2004;12;"66727,7857124";"203207,1804346";"0,0";"109249,3021186";"414008,911731701";"752,317447"
2005;1;"22806,2745269";"45184,3327406";"0,0";"110043,310488701";"437202,044048099";"928,3257631"
2005;2;"23201,4947165";"103584,4236521";"0,0";"93752,1585353009";"317638,147050101";"1057,5594023"
2005;3;"28258,8145473";"30367,3034927";"0,0";"106233,7626643";"433416,5696088";"1037,4845938"
2005;4;"79152,3996325";"52172,445448";"0,0";"106808,1148807";"390885,4400182";"948,3812132"
2005;5;"55199,5194795";"240243,977707";"0,0";"92709,2042991005";"380887,9713095";"1242,6320666"
2005;6;"34264,6584054";"660465,837903";"0,0";"203477,304612091";"508299,476287399";"1531,3909072"
2005;7;"90831,7175934";"168119,7854972";"0,0";"150318,726055697";"418072,161819899";"1935,4008567"
2005;8;"101694,0481798";"206367,2851186";"0,0";"119852,9471171";"462972,2911198";"2548,1061677"
2005;9;"50249,1467011";"174911,8867642";"0,0";"95959,8403598002";"356203,5704321";"3801,4763516"
2005;10;"80938,220949";"178156,5583733";"0,0";"96171,0076650002";"386247,387311";"4822,7940852"
2005;11;"111823,8516462";"502209,3992207";"0,0";"139204,2722003";"361633,6004703";"5592,6471115"
2005;12;"112745,8910256";"761648,0960804";"0,0";"198212,607185101";"473300,188683702";"5192,0870963"
2006;1;"34177,8371853";"91489,9318448";"0,0";"186336,266900399";"483652,314072399";"5380,9859023"
2006;2;"37560,3880394";"165093,7726339";"0,0";"134118,451927";"285375,781817799";"6061,80779710001"
2006;3;"59710,4366878";"75294,4908451";"0,0";"157858,8404133";"454433,866519";"6622,19483630001"
2006;4;"61998,1522023";"205316,8503133";"0,0";"77741,7936362";"404619,5273541";"7074,63975249999"
2006;5;"74342,4836102";"253870,6930878";"0,0";"126796,3306877";"476589,8594063";"7169,82872620001"
2006;6;"166301,5234056";"584144,2046356";"0,0";"119277,8216601";"455609,2780278";"7567,67410269999"
2006;7;"48185,403304";"158572,9410145";"0,0";"126214,419200299";"492717,584015099";"7256,83997140001"
2006;8;"63202,9545979";"754125,9502705";"0,0";"83254,7405617001";"521554,4438481";"8341,3156832"
2006;9;"109810,4638438";"299360,0166481";"0,0";"88025,9668986998";"499662,005391401";"10077,9516229"
2006;10;"90688,7975839";"208706,8782325";"0,0";"118424,9390639";"551524,480387201";"10856,8641242"
2006;11;"283810,5589754";"629628,3683405";"0,0";"165198,2530364";"604499,9533156";"13202,4858806"
2006;12;"213917,0396074";"1085914,4611388";"0,0";"263489,561580001";"691497,049990798";"14212,2847654"
2007;1;"64861,6069594";"122151,5398062";"0,0";"185793,2671152";"587244,582336198";"14142,2226685"
2007;2;"67815,9141442";"143144,0299641";"0,0";"125590,0112085";"428417,2544931";"14692,463266"
2007;3;"30878,6520521";"291242,6128853";"0,0";"249607,210610803";"781171,720474303";"15408,6377625"
2007;4;"247277,3717331";"182816,8732108";"0,0";"204506,842837696";"667762,669289899";"18036,0855774"
2007;5;"170984,0293907";"407946,1394394";"0,0";"257005,844205691";"873194,944960196";"17333,341434"
2007;6;"382071,4070452";"668333,283906";"0,0";"244237,231864802";"910047,067799903";"22044,1471592"
2007;7;"96747,9509931";"446793,9672335";"0,0";"295671,828884912";"1050824,4598619";"25006,3672388"
2007;8;"98565,5046653";"184025,7879727";"0,0";"220660,6288713";"855492,416518897";"23450,0135190001"
2007;9;"185197,7059291";"90229,6482496";"0,0";"107305,7436692";"866133,0251335";"25278,0336283"
2007;10;"336156,7625234";"141786,4928283";"0,0";"249044,245692699";"1534419,7961255";"29163,5174349"
2007;11;"510801,9556877";"587375,3253916";"0,0";"223733,771617604";"1060686,0076318";"30222,4455568"
2007;12;"522349,6211436";"221338,2420564";"0,0";"251917,395985392";"1091045,7190724";"30869,6802904"
2008;1;"116890,398916";"361375,7720607";"0,0";"340964,334677287";"934283,0411773";"25288,1209359"
2008;2;"161865,8563642";"181407,6921386";"0,0";"190805,0391811";"968425,380657602";"22547,0879805001"
2008;3;"368066,9641639";"676636,9145613";"0,0";"414395,448551306";"1086943,3367664";"28125,7677714999"
2008;4;"249592,9313049";"279404,2761057";"0,0";"411266,382573902";"1025830,055198";"33136,6771107"
2008;5;"367648,5812001";"137524,1337661";"0,0";"247024,2411202";"1480542,10057541";"32927,192178"
2008;6;"277676,8011616";"166497,2659878";"0,0";"321136,411444102";"1243711,8376713";"42957,4625532"
2008;7;"322838,8964345";"255264,6554776";"0,0";"261339,003686402";"1208653,4221991";"44300,1936022002"
2008;8;"237269,1343553";"403624,2058771";"0,0";"184928,5302764";"1628540,00440891";"50852,6024418999"
2008;9;"248394,407439";"533478,8043987";"0,0";"193497,2816999";"1808064,37075099";"44772,1078892"
2008;10;"404000,4180603";"375816,6792685";"0,0";"179018,5290687";"1188287,39243891";"39396,285636"
2008;11;"315649,0314195";"659255,383284";"0,0";"145764,9203907";"967387,265801497";"45685,9303956966"
2008;12;"198100,2451446";"871315,0524447";"0,0";"183255,6385425";"997460,6929194";"46265,1042746001"
2009;1;"119566,9292683";"135187,3403447";"0,0";"147041,766477299";"731292,160804202";"33183,9161417001"
2009;2;"292103,2974239";"144710,1052218";"0,0";"137128,375966097";"541784,278372199";"39111,4179943001"
2009;3;"213924,3020536";"35890,9633466";"0,0";"191401,931636902";"844863,296675598";"41886,5433527"
2009;4;"686496,3071072";"119541,5835371";"0,0";"243727,491082487";"822037,531327202";"60951,9493598002"
2009;5;"221624,2333744";"15139,863858";"0,0";"287482,422933594";"854748,962636802";"75003,0678628001"
2009;6;"233992,2776288";"427084,8385208";"0,0";"354473,800099703";"884278,702653494";"111456,1938295"
2009;7;"240438,6632239";"303265,1500611";"0,0";"412363,114749612";"784779,762696992";"140139,820216098"
2009;8;"408000,4531816";"957666,2167463";"0,0";"611268,023006204";"1026246,762536";"147445,790966201"
2009;9;"746293,731343";"2355736,3074118";"0,0";"622891,039768065";"1158350,8435032";"160962,9185112"
2009;10;"431522,5188026";"1023914,8276648";"0,0";"780628,997661995";"1569799,8625106";"170980,970915399"
2009;11;"262783,0439317";"464723,2536178";"0,0";"800572,40144419";"1609348,92532879";"167643,2832406"
2009;12;"1284201,732338";"176507,6574715";"0,0";"914872,113603701";"1677639,7818976";"166492,172763301"
2010;1;"66955,278142";"192648,7701513";"0,0";"858477,665804705";"2264932,77875761";"126315,295860699"
2010;2;"115447,3537741";"47699,8169115";"0,0";"760347,892497202";"1735203,9700654";"143451,3429717"
2010;3;"253380,7647468";"52338,9255329";"0,0";"674158,987436105";"2269630,4038792";"135834,6360939"
2010;4;"399596,8080347";"41744,3914096";"0,0";"502243,677236194";"2439825,9706691";"173051,6629601"
2010;5;"340907,7820137";"323316,7334807";"0,0";"515137,801548705";"2419855,8180922";"191965,698006801"
2010;6;"503287,8512208";"1033430,5471936";"0,0";"742674,007688497";"2807237,79397973";"211254,992908899"
2010;7;"465806,3286872";"1211907,4084047";"0,0";"1013495,6255346";"2672002,99882416";"201742,307746198"
2010;8;"465282,3600631";"2950253,3362121";"0,0";"481083,614624301";"2858868,2842213";"222032,011822701"
2010;9;"222422,9179139";"1421559,2389175";"0,0";"330478,6928639";"2438231,49623592";"227308,994481499"
2010;10;"261568,4916229";"1244512,8229641";"0,0";"463919,930556104";"2306939,15800591";"263615,608474501"
2010;11;"891948,3419691";"144143,9222994";"0,0";"613386,604492303";"2704470,72545072";"247966,1934456"
2010;12;"451388,7504169";"217776,5922734";"0,0";"621274,662295206";"3053099,59419202";"324359,931190303"
2011;1;"57410,8143924";"160586,0558041";"0,0";"457328,552028901";"2873027,35439627";"251570,215116801"
2011;2;"480706,0269709";"109530,036964";"0,0";"404704,993381998";"2188474,6011598";"270144,921155002"
2011;3;"73107,6561558";"81159,5015237";"0,0";"395314,544137698";"2319180,4371103";"269453,172125702"
2011;4;"68367,2629652";"325776,1783155";"0,0";"456883,487460997";"2618325,43285978";"342658,355878502"
2011;5;"329690,2102219";"515254,9287771";"0,0";"509934,612094402";"2769947,17564049";"334363,638242201"
2011;6;"255374,7318627";"699578,7483144";"0,0";"452078,718447503";"2905880,16867188";"397568,266659889"
2011;7;"230567,8338443";"637308,7535323";"0,0";"515036,367063093";"3001412,04525352";"428179,384432106"
2011;8;"465601,5499444";"217857,8676676";"0,0";"522484,6415528";"2848521,72116025";"458781,358930599"
2011;9;"374717,6005576";"95754,6911975";"0,0";"750883,318571704";"2620928,6153235";"424914,652040397"
2011;10;"181385,0448477";"308051,5771238";"0,0";"873787,985288701";"2432048,59060633";"450595,333639608"
2011;11;"509274,5145077";"282293,6410732";"0,0";"615560,528347306";"2361573,60759929";"453900,604304"
2011;12;"638377,4019123";"582234,1346074";"0,0";"698997,591503397";"2405052,65634169";"436280,351845097"
2012;1;"39820,0687653";"190291,9801969";"0,0";"418904,955121599";"1999804,7080371";"385900,275596201"
2012;2;"296310,6214072";"153543,4680639";"0,0";"356274,368610099";"1652058,97317239";"419859,86487999"
2012;3;"51041,4456934";"53824,3839894";"0,0";"532266,066392796";"1783247,8701929";"372229,194292295"
2012;4;"756959,6863408";"125175,4012668";"0,0";"498112,768045315";"1801839,63382999";"460737,532511805"
2012;5;"673066,1264362";"11856,8388947";"0,0";"438952,525567701";"1424325,6434103";"400342,669842716"
2012;6;"115734,4903833";"332233,6548907";"0,0";"418896,678018504";"1547545,5186356";"396420,220845406"
2012;7;"236525,6752174";"520350,2559059";"0,0";"710954,601451899";"1831008,99831031";"415143,690506596"
2012;8;"181337,9887051";"1052025,6617844";"0,0";"945977,733440887";"1923921,12674142";"422265,192672297"
2012;9;"274501,938702";"257022,0350346";"0,0";"979249,386613802";"1604832,95837641";"417607,387984896"
2012;10;"723412,4754583";"361846,9362134";"0,0";"1147842,2098877";"1882043,5940825";"420258,321668999"
2012;11;"104530,2566947";"131348,0635524";"0,0";"835052,658514915";"2339741,2965217";"396647,732540704"
2012;12;"603477,1527597";"99432,9676678";"0,0";"985488,147745275";"2454821,16198352";"381088,109458084"
2013;1;"116763,7051748";"13076,1843729";"0,0";"832305,340742097";"2731749,4762764";"325311,084339602"
2013;2;"155021,1307672";"388869,1330117";"0,0";"599551,568047005";"2372552,92117422";"374146,329042659"
2013;3;"328933,3860864";"1191418,424451";"0,0";"511268,7447793";"3112215,33319848";"358754,467518998"
2013;4;"250625,3876115";"741864,2170331";"0,0";"862767,350831191";"3308315,19445548";"432561,6701578"
2013;5;"501176,3629507";"432332,7202515";"0,0";"759392,922711999";"3210781,92995736";"395901,082694398"
2013;6;"578909,2278559";"236712,5748102";"0,0";"517433,919339305";"2413890,4710088";"367730,320443098"
2013;7;"198632,5052057";"323996,2792036";"0,0";"289018,707263806";"2660038,15403859";"372594,337243401"
2013;8;"570036,4856096";"232795,4342845";"0,0";"214639,485003401";"2503581,83667282";"372508,515944504"
2013;9;"512680,4419537";"415579,1314165";"0,0";"440583,872656191";"2401604,0905212";"407899,3484325"
2013;10;"264248,7101635";"227027,4739716";"0,0";"532718,448068592";"2616281,57522858";"432053,656556502"
2013;11;"565977,5437074";"113986,6174602";"0,0";"557825,437502491";"2651475,00653732";"385926,289398806"
2013;12;"1060664,9054134";"284592,9793657";"0,0";"738111,513934307";"2819415,12128471";"424474,950869994"
2014;1;"198957,2570319";"274943,196956";"0,0";"418300,473013103";"3269455,01209477";"308328,0786441"
2014;2;"149328,2485918";"45113,1428266";"0,0";"328633,843421397";"2696835,88173928";"363011,227004896"
2014;3;"817724,8719868";"9924,7372291";"0,0";"368992,296343388";"2170444,9883337";"342074,443966396"
2014;4;"291455,6305811";"0,0";"0,0";"382030,314546206";"1723907,6861857";"439337,161630795"
2014;5;"179974,3667419";"1769,0975642";"0,0";"332048,7906025";"1735415,34695349";"362209,235980201"
2014;6;"447904,1538764";"906,9472156";"0,0";"330032,609377799";"1750199,640695";"446995,561744302"
2014;7;"330933,2859819";"496501,828257";"0,0";"377423,674342099";"2271914,4075534";"384397,748562601"
2014;8;"536699,7073364";"374959,2741768";"0,0";"291565,627731501";"2188564,17060679";"446457,721893097"
2014;9;"476336,1769943";"346101,3481747";"0,0";"518250,192602197";"2412317,1356509";"454740,3948558"
2014;10;"698517,0804656";"135380,8017229";"0,0";"607202,787575401";"2212566,96514529";"468091,364793498"
2014;11;"187070,6225767";"82599,2663836";"0,0";"343458,9238456";"1560876,16989801";"434982,445322003"
2014;12;"503962,1225187";"145103,1996004";"0,0";"497775,996182098";"3348350,99337494";"434829,927431397"
2015;1;"78655,7751564";"63623,7977141";"0,0";"262701,9802339";"1591694,00112579";"327219,114250199"
2015;2;"213345,8955514";"40476,0424969";"0,0";"262383,6033239";"1156322,7691277";"352220,525202493"
2015;3;"207994,5306403";"409,4626351";"0,0";"262352,518342301";"1476990,1484943";"284727,656384898"
2015;4;"267956,6849987";"16123,3110799";"0,0";"266724,3391301";"735775,529532899";"369714,741903897"
2015;5;"205471,0005932";"2650,235";"0,0";"391958,740639003";"753544,8552474";"299868,192520497"
2015;6;"415185,1424822";"418,8684044";"0,0";"468992,381674297";"776708,637678199";"333784,506266403"
2015;7;"64865,7757099";"4787,2520035";"0,0";"171912,949615";"649379,604834297";"346105,103374302"
2015;8;"127612,3206261";"16599,995988";"0,0";"254556,422050701";"569586,9480723";"248444,780504301"
2015;9;"221273,8716804";"1472,955255";"0,0";"213894,704266998";"563276,0369336";"235472,374634402"
2015;10;"134665,7321774";"5106,6835682";"0,0";"254737,408746798";"742063,677949802";"233840,584253801"
2015;11;"192136,0040621";"20296,5618794";"0,0";"312059,4369715";"606384,540157302";"209411,646790902"
2015;12;"382453,4757017";"167106,5386561";"0,0";"412391,561024902";"585125,448844801";"220935,552879699"
2016;1;"36200,5002579";"92535,7364742";"0,0";"303047,795504298";"430222,910280803";"134387,389114701"
2016;2;"65029,070697";"57951,4372178";"0,0";"237430,305284399";"320775,8309469";"149883,037320901"
2016;3;"42211,7424906";"0,0";"0,0";"257674,522040801";"415054,688615401";"156135,680860499"
2016;4;"66463,8049303";"511,7635428";"0,0";"263370,2382734";"423031,376933403";"164051,907744902"
2016;5;"143250,8716657";"92299,2086259";"0,0";"226495,842763901";"380895,627629099";"153768,803250601"
2016;6;"153681,2881165";"352246,1625786";"0,0";"274901,669652998";"397224,5766561";"130796,2288238"
2016;7;"136536,1693859";"893688,0510399";"0,0";"307796,071939798";"376076,9580074";"130844,8473852"
2016;8;"40313,3086189";"634558,9521235";"0,0";"293342,711726998";"409048,703558202";"144754,9136161"
2016;9;"22249,4906223";"229843,1605751";"0,0";"310272,478605102";"407959,054266202";"118465,923824"
2016;10;"112074,2272217";"139986,2981321";"0,0";"366822,2656979";"556899,7113347";"117286,228498301"
2016;11;"40145,7206244";"60563,4682988";"0,0";"382619,041395701";"448103,0502925";"109661,117911699"
2016;12;"79603,3522448";"91098,8798834";"0,0";"495958,027903704";"532097,665180898";"92196,0688516001"
2017;1;"96657,7024615";"1866,6080314";"0,0";"473834,880495499";"447998,688352098";"69952,5107963001"
2017;2;"34047,552013";"1897,8007111";"0,0";"421619,843367502";"373262,991436299";"75203,0101797996"
2017;3;"29806,8319285";"7141,0095284";"0,0";"371629,7959875";"467743,503839799";"67135,6621099997"
2017;4;"272228,5790399";"3212,9212678";"0,0";"351375,3030379";"449238,918482299";"85091,7589844"
2017;5;"236216,3597985";"22927,9899162";"0,0";"395484,6137694";"463581,817755398";"70458,9395338999"
2017;6;"94186,9076902";"918,9097047";"0,0";"445879,777102793";"528150,5622645";"74409,8356164997"
2017;7;"63907,276533";"5951,2154874";"0,0";"457912,0122556";"731677,559813399";"74638,8870462002"
2017;8;"69517,823855";"1359,9805068";"0,0";"361448,799109495";"550357,194379899";"74332,8943422999"
2017;9;"26809,7671624";"0,0";"0,0";"286554,595301993";"487661,136170299";"65191,5235767"
2017;10;"133529,7196031";"1449,1537373";"0,0";"369643,310092299";"524089,384555103";"64760,3641479"
2017;11;"57285,9476146";"0,0";"0,0";"385649,619780502";"507517,200173299";"66197,1226121999"
2017;12;"83945,5286015";"308,998274";"0,0";"436081,550228595";"629203,135593197";"56391,4727507999"
2018;1;"13656,9869277";"929,2187328";"0,0";"337243,6387973";"341511,669823899";"44141,0149562001"
2018;2;"50128,1430919";"0,0";"0,0";"210401,031778199";"299738,114362399";"45766,2302013"
2018;3;"115451,5303884";"898,1370145";"0,0";"261880,840883301";"435617,702447198";"48791,6714235001"
2018;4;"9779,1532182";"0,0";"0,0";"208014,448733801";"402873,382406498";"45144,3079863999"
2018;5;"6143,5175062";"0,0";"0,0";"287202,994768901";"484457,6310639";"46367,2201449999"
2018;6;"20729,1897192";"0,0";"0,0";"275542,901586099";"344634,203280901";"44534,1124039"
2018;7;"11261,0351203";"0,0";"0,0";"259145,639172896";"447257,175895499";"40510,8310225002"
2018;8;"23810,7954203";"0,0";"0,0";"276955,4100484";"453197,316231499";"41016,7860579998"
2018;9;"28928,592452";"0,0";"0,0";"251044,1345436";"419891,503415401";"37085,0600979998"
2018;10;"15279,2965155";"0,0";"0,0";"344288,173343393";"592604,755841698";"47567,2365676002"
2018;11;"5071,468613";"2760,4236313";"0,0";"316788,9479888";"518287,708864501";"39147,8207877002"
2018;12;"76997,4653703";"64494,4611123";"0,0";"319422,653238299";"429116,250913998";"35848,8568631"
2019;1;"89466,6508883";"69394,4739645";"0,0";"242911,5994777";"431366,016606799";"38970,4040613999"
2019;2;"20089,7432723";"754,7099348";"0,0";"174483,175119999";"347992,3320108";"28907,5942316"
2019;3;"13123,2003552";"0,0";"0,0";"91698,5366535999";"374590,5673054";"50763,2803834001"
2019;4;"11094,1374274";"0,0";"0,0";"93460,9142037";"427278,142961901";"34564,5746968001"
2019;5;"14935,6201266";"22699,3447497";"0,0";"117670,0171618";"371959,591136099";"29779,9238589999"
2019;6;"24673,8547418";"0,0";"0,0";"85470,5970756";"304134,8704967";"34724,615834"
2019;7;"9330,9719541";"0,0";"0,0";"172617,6802341";"274624,038238";"28833,2990414001"
2019;8;"15332,2304532";"0,0";"0,0";"258014,1100771";"285321,888571001";"34878,3454426001"
2019;9;"18856,8944797";"0,0";"0,0";"275690,049525998";"315913,5762308";"34186,7553275001"
2019;10;"4985,2774926";"0,0";"0,0";"299728,436858403";"426446,9082509";"33428,4172782"
2019;11;"12689,549997";"0,0";"0,0";"346485,611443199";"340601,6076255";"35840,5466269"
2019;12;"21024,9856198";"0,0";"0,0";"201552,7141945";"308160,3389896";"32548,4986862"
2020;1;"2070,0927168";"0,0";"0,0";"179950,5326029";"230230,7624936";"20781,7832345"
2020;2;"8345,8151502";"0,0";"0,0";"142424,0768723";"161498,0005405";"26221,1803000999"
2020;3;"22907,2112125";"0,0";"0,0";"141995,0102487";"215491,0660888";"24019,1850338"
2020;4;"13733,3631047";"0,0";"0,0";"126966,3958731";"194626,7630459";"26211,4392792999"
2020;5;"12584,1101164";"0,0";"0,0";"283009,7916131";"191072,730962701";"14783,5497979"
2020;6;"4202,8201641";"10868,220176";"0,0";"289499,8630501";"262463,4487345";"17288,9647745"
2020;7;"584,0475088";"0,0";"0,0";"352331,195326397";"218424,8765478";"17970,4862129999"
2020;8;"48944,7130893";"0,0";"0,0";"345064,889027895";"265899,033894199";"18719,6155404999"
2020;9;"1907,3761784";"0,0";"0,0";"337416,552340098";"308982,179192701";"17398,2870988"
2020;10;"3195,125626";"0,0";"0,0";"315402,359354502";"366996,7260002";"17165,4100943"
2020;11;"0,0";"0,0";"0,0";"247915,606628601";"321128,940873899";"15872,5181064"
2020;12;"2346,8796093";"0,0";"0,0";"205451,0235155";"364644,495233";"19089,3545106001"
