"tipo";"nome_agente_financeiro";"2020";"2019";"2018";"2017";"2016";"2015";"2014";"2013";"2012";"2011";"2010";"2009";"2008";"2007";"2006";"2005";"2004";"2003";"2002";"2001";"2000";"1999";"1998";"1997";"1996";"1995"
"Agente Público";"AF PARANA   ";"132,90569924";"33,3672209";"65,70469171";"46,7455576";"42,88063441";"25,7642672";"28,25006577";"5,92186268";"0,188109";"0,1155";"0,46";"0,0";"0,0";"0,0";"0,654114";"2,61637";"0,0";"0,0";"0,0";"0,0";"0,0";"0,0";"0,0";"0,0";"0,0";"0,0"
"Agente Público";"AF-RN       ";"0,0";"0,0";"0,0";"0,0";"0,0";"0,0";"0,0";"0,0";"0,0";"0,0";"0,0";"0,0";"0,0";"0,0";"0,0";"0,0";"0,50640512";"3,86606494";"7,81972758";"0,74834688";"0,0";"0,0";"0,0";"0,0";"0,0";"0,0"
"Agente Público";"AF-TO       ";"0,0";"0,0";"0,0";"0,0";"0,0";"0,0";"0,0";"0,0";"0,0";"1,35774999";"0,0";"0,0";"0,0";"0,0";"0,0";"0,0";"0,0";"0,0";"0,0";"0,0";"0,0";"0,0";"0,0";"0,0";"0,0";"0,0"
"Agente Público";"AFEAM       ";"0,0";"0,0";"0,0";"0,0";"0,0";"0,0";"0,0";"0,0";"6,77022084";"19,96606653";"17,93290174";"9,756";"0,38523906";"2,13284878";"0,31315843";"2,0793652";"1,355459";"0,0";"0,0";"0,0";"0,0";"0,0";"0,0";"0,0";"0,0";"0,0"
"Agente Público";"AGEFEPE     ";"0,0";"0,0";"0,0";"1,373094";"2,626906";"0,0";"0,0";"0,0";"0,0";"0,0";"0,0";"0,0";"0,0";"0,0";"0,0";"0,0";"0,0";"0,0";"0,0";"0,0";"0,0";"0,0";"0,0";"0,0";"0,0";"0,0"
"Agente Público";"AGERIO      ";"0,0";"0,0";"0,0";"0,0";"8,06112916";"24,41168368";"25,97972842";"14,81066185";"19,50645549";"12,64102093";"23,20746065";"0,61508298";"0,0";"0,0";"0,213";"0,0";"0,0";"0,0";"0,0";"0,0";"0,0";"0,0";"0,0";"0,0";"0,0";"0,0"
"Agente Público";"BADESC      ";"15,947563";"21,17372311";"31,55069481";"27,19661544";"40,16483537";"95,28191963";"98,65337245";"145,02290873";"91,67761884";"33,45355625";"69,21502759";"32,06866117";"13,06711822";"0,0";"0,0";"2,90126833";"63,47523852";"141,00768873";"173,56351155";"109,15341401";"73,39178695";"52,5119642";"61,86182874";"65,75814632";"25,85320869";"46,15775975"
"Agente Público";"BADESUL     ";"221,88694619";"140,867654";"118,6546804";"102,07975774";"176,633349";"608,74788788";"717,39721304";"1488,52273319";"726,916055540001";"434,38772606";"588,74671819";"433,70471372";"150,37956951";"208,07353613";"144,33956273";"191,84555563";"141,36908501";"163,93031436";"138,04844379";"160,8067008";"105,19969524";"94,93817396";"63,54023383";"15,16734594";"1,69039088";"0,66085013"
"Agente Público";"BANDES      ";"0,92087";"8,09990208";"41,214298";"56,272554";"115,865235";"77,16809617";"80,34136699";"171,07700502";"215,41533035";"151,30179345";"151,1983671";"84,38666941";"68,66528947";"65,05261655";"72,54073943";"34,68352049";"32,43685345";"12,8264344";"11,15519932";"12,15716952";"19,48758066";"11,99901192";"7,95130781";"19,68579815";"21,3952957";"17,29593913"
"Agente Público";"BANER       ";"0,0";"0,0";"0,0";"0,0";"0,0";"0,0";"0,0";"0,0";"0,0";"0,0";"0,0";"0,0";"0,0";"0,0";"0,0";"0,0";"0,0";"0,0";"0,0";"0,0";"0,0";"0,0";"0,0";"0,0";"0,08494962";"1,4332321"
"Agente Público";"BANESE      ";"11,57";"0,0";"0,0";"0,0";"0,303175";"4,73228645";"14,60623993";"2,2306966";"3,34902782";"11,3379033";"15,94038126";"0,3764";"1,8762735";"1,45891";"6,9206406";"2,49484175";"0,916785";"0,35237381";"1,40137121";"1,8287334";"2,62363897";"0,60917771";"3,59207815";"5,7516093";"9,87434219";"3,1990621"
"Agente Público";"BANESTES    ";"10,04513205";"14,4897342";"27,41930716";"30,9725144999999";"10,08179834";"21,38661775";"62,51236265";"105,91588692";"48,77252342";"43,37395257";"61,3951228";"33,65648528";"80,23320614";"32,77081752";"5,36441692";"0,0";"0,0";"0,101996";"0,66086602";"2,64605255";"5,34037598";"0,75235075";"2,54034036";"1,89033061";"8,36277325000001";"15,1116863"
"Agente Público";"BANPARA     ";"3,8756655";"0,0";"0,384";"0,0";"0,0";"0,0";"0,329";"1,09831252";"0,0";"0,0";"0,0";"0,0";"0,0";"0,0";"0,0";"0,0";"0,0";"0,0";"0,0";"0,0";"0,0";"0,0";"0,0";"0,02953162";"1,19774869";"4,29516675"
"Agente Público";"BANRISUL BM ";"253,9934797";"226,32296769";"201,43237002";"209,92113284";"441,176902689999";"878,99320359";"1007,56757216";"958,852677499999";"681,499832769997";"373,691731980001";"351,200690510002";"317,334433460002";"160,81747303";"186,71733417";"85,1361746700001";"78,18827475";"118,49306894";"35,45585753";"56,14970193";"60,31771967";"50,6072875899999";"93,4270235500001";"219,93962546";"253,336144330003";"136,871515799999";"84,1295809699998"
"Agente Público";"BASA        ";"63,69753707";"71,46395513";"101,20183923";"95,10116028";"92,69494723";"175,25680132";"149,48231306";"60,36196262";"31,46243628";"64,16246306";"210,94644071";"115,78926992";"28,6075212";"31,85916335";"44,31538028";"79,76136484";"92,52672365";"42,06935614";"31,36221432";"27,69473711";"21,95542451";"38,71942539";"0,0";"0,0";"0,0";"0,0"
"Agente Público";"BB          ";"1030,71623116";"1935,49812625";"1023,09878235";"3117,33377188997";"6768,38288846986";"14101,1955055494";"23527,99963212";"29521,1148520487";"24036,1565217708";"18117,1005323085";"18242,455838409";"12285,6282213";"9006,33275130004";"6358,78662282998";"5159,92301098998";"4108,67613841999";"3074,15385899";"1674,23956871";"1540,7098474";"1404,46166716002";"922,651985370001";"365,43798072";"608,549235950005";"1108,08193483002";"668,429852340021";"950,016711870055"
"Agente Público";"BB LS       ";"0,0";"0,0";"0,0";"0,0";"0,0";"0,0";"0,0";"0,0";"0,0";"1,4959546";"3,1452";"2,52444";"16,23921878";"13,30628278";"8,99052718";"5,97160721";"1,89045706";"3,34846996";"4,85007823";"3,18507192";"0,0";"0,0";"0,0";"0,0";"0,0";"0,0"
"Agente Público";"BDMG        ";"183,84956668";"274,87158672";"350,50241889";"452,23308918";"911,20153735";"1064,48605137";"1380,6408944";"975,245380000001";"421,79877797";"449,76219378";"375,00389904";"249,51697704";"169,40166124";"175,68872468";"117,98795898";"109,70636214";"83,86802129";"127,49554034";"104,99962628";"45,39553717";"46,12839886";"85,094712";"167,23888101";"84,12952736";"55,24138079";"55,21490256"
"Agente Público";"BEMAT       ";"0,0";"0,0";"0,0";"0,0";"0,0";"0,0";"0,0";"0,0";"0,0";"0,0";"0,0";"0,0";"0,0";"0,0";"0,0";"0,0";"0,0";"0,0";"0,0";"0,0";"0,0";"0,0";"0,0";"0,0";"2,83183102";"2,60125747"
"Agente Público";"BNB         ";"0,01172572";"1,05147649";"0,16723344";"13,54619855";"1,86166249";"2,25838638";"13,89220732";"175,50121298";"143,084556";"276,4499711";"341,40596425";"282,21321438";"8,56466144";"0,132648";"0,83450073";"1,26738682";"4,29928989";"36,61311449";"116,09441515";"238,17091998";"332,228450159999";"341,71319783";"593,607237200001";"385,959915280001";"134,45748113";"111,57800775"
"Agente Público";"BRB BM      ";"90,53939177";"0,0";"0,0";"0,049312";"5,60611993";"62,07029842";"88,07168049";"112,83650316";"25,4161677";"12,91409725";"25,59068469";"12,07012614";"0,0";"0,0";"0,0";"0,0";"0,9723008";"4,70913274";"7,46060777";"10,37813329";"37,55663562";"20,29601853";"7,1603666";"15,19879485";"9,74829157000001";"7,58368542000001"
"Agente Público";"BRDE        ";"1441,18495154";"1651,24029736";"1574,02832759";"2254,40225221";"2480,37050664";"2684,81019066";"2658,86362192999";"2947,45074618999";"1888,93227868";"1591,58364086";"1795,58495985";"1829,77535898";"1326,64646171";"1033,3421657";"845,81228168";"735,51508129";"645,14630857";"422,30609546";"352,4883839";"241,32193966";"148,65670723";"213,11241479";"337,209394170001";"499,181448130002";"382,905811140004";"220,820510690001"
"Agente Público";"CAIXA CEF   ";"265,85974368";"609,900018999991";"851,971831799992";"2674,25054342004";"1844,47950371004";"4913,57381527995";"5962,11353087987";"6499,41180856009";"3813,98893022003";"2835,18140675001";"2528,02521117999";"1819,94405498";"913,031023289998";"333,42317228";"235,85964939";"211,37850065";"117,60877082";"121,25332253";"78,92788273";"90,61833634";"138,01342686";"32,1013478";"1,588805";"0,0";"0,0";"0,0"
"Agente Público";"DESENBAHIA  ";"29,68209842";"41,93630739";"54,29916038";"69,8262225";"80,72011613";"79,7922472";"96,15753499";"39,8058997";"34,02428008";"18,75155688";"17,54893348";"18,56225832";"18,92498032";"15,14582501";"9,48494561999997";"14,61716783";"11,21819455";"21,38220828";"30,05506543";"27,02339692";"48,13234253";"75,85756546";"62,80843527";"56,11777543";"118,25761761";"70,80861277"
"Agente Público";"DESENVOLVE S";"294,68085342";"97,0509229";"183,28463753";"124,46852534";"70,09934852";"105,14885855";"163,27308505";"120,3142819";"69,68039494";"57,23039197";"78,86724035";"0,0";"0,0";"0,0";"0,0";"0,0";"0,0";"0,0";"0,0";"0,0";"0,0";"0,0";"0,0";"0,0";"0,0";"0,0"
"Agente Público";"FINEP       ";"0,0";"0,0";"0,0";"0,0";"0,0";"0,0";"20,26822361";"5,99862356";"40,73185278";"102,41577424";"0,0";"0,0";"0,0";"0,0";"0,0";"0,0";"0,0";"0,479358";"0,0";"2,019297";"9,86752367";"30,143297";"41,832173";"0,0";"0,0";"0,0"
"Agente Público";"GOIASFOMENTO";"0,0";"0,0";"0,0";"0,44802579";"1,1877359";"2,83712413";"9,49074753";"2,030521";"0,89576";"0,0";"0,0";"0,0";"0,077076";"0,115614";"0,323";"0,0";"0,0";"0,0";"0,0";"0,27558151";"0,0";"0,0";"0,0";"0,0";"0,0";"0,0"
"Agente Privado";"ABC BR BM   ";"392,70489553";"293,17352901";"220,93217704";"379,73336179";"654,68492636";"749,69976536";"606,65125193";"1266,07364847";"903,50692914";"845,84126785";"1593,11132503";"952,19415005";"250,35911035";"163,14187185";"229,70641611";"142,0683673";"51,80255116";"34,32866338";"64,40463004";"183,49651094";"101,34596908";"57,0044737";"33,99319042";"7,52442784";"3,19941678";"0,98393225"
"Agente Privado";"AILOS       ";"1,983";"0,0";"0,0";"1,7530879";"0,45528672";"0,0375";"0,0";"0,0";"0,0";"0,0";"0,0";"0,0";"0,0";"0,0";"0,0";"0,0";"0,0";"0,0";"0,0";"0,0";"0,0";"0,0";"0,0";"0,0";"0,0";"0,0"
"Agente Privado";"ALFA BI     ";"228,04327268";"166,27054928";"392,4446068";"201,44110711";"905,487855379999";"412,69347606";"570,19016043";"451,898128670001";"441,9876644";"458,8493516";"459,2719962";"253,99750205";"848,17749017";"449,63867345";"357,19316335";"267,49320115";"213,20960784";"153,76990179";"182,64648392";"435,21622963";"446,60442303";"358,79604439";"136,61082912";"63,6474225900001";"20,71545659";"28,02419107"
"Agente Privado";"ALFA CFI    ";"9,37302409";"0,0";"0,644412";"1,624";"3,046728";"78,01457839";"49,52012815";"37,70999169";"30,03958619";"28,25584652";"49,89396214";"68,98987265";"204,46569627";"132,98744126";"99,76667867";"49,34338164";"81,1280762";"17,95851267";"11,72787163";"3,31821687";"58,26727192";"3,99678975";"0,0";"0,0";"0,0";"0,0"
"Agente Privado";"ALFA LEASING";"0,0";"0,0";"0,0";"0,0";"0,0";"0,0";"0,0";"0,0";"0,0";"0,0";"0,0";"0,0";"0,0";"0,0";"0,0";"0,0";"0,0";"0,0";"0,0";"0,0";"1,1353062";"0,36808924";"6,54957171";"0,0";"0,0";"0,0"
"Agente Privado";"ARAUCARIA BC";"0,0";"0,0";"0,0";"0,0";"0,0";"0,0";"0,0";"0,0";"0,0";"0,0";"0,0";"0,0";"0,0";"0,0";"0,0";"0,0";"0,0";"0,0";"0,0";"2,1782";"3,980338";"0,5792";"1,12289999";"0,45872952";"2,65745836";"0,99364599"
"Agente Privado";"ARBI BM     ";"0,0";"0,0";"0,0";"0,0";"0,0";"0,0";"0,0";"0,0";"0,0";"0,0";"0,0";"0,0";"0,0";"0,0";"0,0";"1,65245";"6,37365691";"20,66602707";"1,39772043";"0,0";"3,126";"0,0";"0,0";"0,52120527";"1,15263175";"0,55372891"
"Agente Privado";"BANCESA     ";"0,0";"0,0";"0,0";"0,0";"0,0";"0,0";"0,0";"0,0";"0,0";"0,0";"0,0";"0,0";"0,0";"0,0";"0,0";"0,0";"0,0";"0,0";"0,0";"0,0";"0,0";"0,0";"0,0";"0,0";"0,0";"0,69223799"
"Agente Privado";"BANCIDADE AM";"0,0";"0,0";"0,0";"0,0";"0,0";"0,0";"0,0";"0,0";"0,0";"0,0";"0,0";"0,0";"0,0";"0,0";"0,0";"0,0";"0,0";"0,0";"1,05492317";"1,17795805";"0,0";"1,31157834";"0,0";"0,0";"0,0";"0,0"
"Agente Privado";"BANCO NACOES";"0,0";"0,0";"0,0";"0,0";"0,0";"0,0";"0,0";"0,0";"0,0";"0,0";"0,0";"0,0";"0,0";"0,0";"0,0";"0,0";"0,0";"0,0";"0,0";"0,0";"0,0";"0,497392";"1,79877206";"1,08668474";"4,38238753";"3,88114661"
"Agente Privado";"BANCO NEON  ";"0,0";"0,0";"0,0";"0,0";"0,0";"0,0";"0,0";"0,0";"0,0";"0,0";"0,0";"0,0";"0,0";"0,0";"0,0";"0,0";"0,1433";"1,473525";"0,33381445";"1,06129608";"0,44242516";"2,24569761";"1,14314657";"4,60657303";"2,88029583";"0,0"
"Agente Privado";"BANCOOB     ";"1115,29933919";"801,922107989996";"752,271737310003";"657,67523785";"512,53633816";"542,291495";"645,375768920001";"483,1567454";"231,90022184";"233,62661898";"219,08005837";"327,29015348";"49,40822841";"157,61357713";"35,40603923";"64,61858072";"44,61144564";"36,91582158";"46,6318606";"28,58269793";"20,99070583";"11,85157052";"0,021";"0,0";"0,0";"0,0"
"Agente Privado";"BANCOSANTOS ";"0,0";"0,0";"0,0";"0,0";"0,0";"0,0";"0,0";"0,0";"0,0";"0,0";"0,0";"0,0";"0,0";"0,0";"0,0";"0,0";"20,55802292";"818,148809330001";"623,578584849999";"345,5286008";"258,76312529";"49,62899212";"23,24958352";"0,0";"1,98864397";"0,0"
"Agente Privado";"BANDEIRAN BI";"0,0";"0,0";"0,0";"0,0";"0,0";"0,0";"0,0";"0,0";"0,0";"0,0";"0,0";"0,0";"0,0";"0,0";"0,0";"0,0";"0,0";"0,16603985";"0,10349371";"0,21927449";"0,67962361";"2,45464601";"28,20338949";"65,45593374";"34,5650884";"12,26484149"
"Agente Privado";"BANDEPE     ";"0,0";"0,0";"0,0";"0,0";"0,0";"0,0";"0,0";"0,0";"0,0";"0,0";"0,0";"0,0";"0,0";"0,0";"0,0";"0,0";"0,0";"0,0";"0,36695519";"0,09480144";"0,4145813";"0,21436342";"0,140668";"3,31956728";"25,15217433";"28,78761639"
"Agente Privado";"BANEB BM    ";"0,0";"0,0";"0,0";"0,0";"0,0";"0,0";"0,0";"0,0";"0,0";"0,0";"0,0";"0,0";"0,0";"0,0";"0,0";"0,0";"0,0";"0,0";"0,0";"0,0";"1,28432718";"0,20951523";"0,63322357";"4,18746241000001";"6,03707563000001";"10,03865855"
"Agente Privado";"BANESTADO BM";"0,0";"0,0";"0,0";"0,0";"0,0";"0,0";"0,0";"0,0";"0,0";"0,0";"0,0";"0,0";"0,0";"0,0";"0,0";"0,0";"0,0";"0,0";"0,0";"0,00339849";"0,05034531";"8,74565483";"34,15990506";"133,25470119";"141,300274409999";"163,358560060001"
"Agente Privado";"BANFORT     ";"0,0";"0,0";"0,0";"0,0";"0,0";"0,0";"0,0";"0,0";"0,0";"0,0";"0,0";"0,0";"0,0";"0,0";"0,0";"0,0";"0,0";"0,0";"0,0";"0,0";"0,0";"0,0";"0,0";"2,218716";"44,35167307";"1,49750053"
"Agente Privado";"BANIF BM    ";"0,0";"0,0";"0,0";"0,0";"0,0";"0,0";"0,0";"0,0";"0,0";"0,0";"0,0";"0,0";"0,0";"0,0";"0,0";"0,0";"1,03023";"11,93201309";"18,92439247";"2,640869";"21,765437";"15,977501";"0,0";"2,11916111";"0,0";"0,0"
"Agente Privado";"BANORTE     ";"0,0";"0,0";"0,0";"0,0";"0,0";"0,0";"0,0";"0,0";"0,0";"0,0";"0,0";"0,0";"0,0";"0,0";"0,0";"0,0";"0,0";"0,0";"0,0";"0,0";"0,0";"0,0";"0,0";"0,0";"35,68395537";"34,57499188"
"Agente Privado";"BARCLAYS BM ";"0,0";"0,0";"0,0";"0,0";"0,0";"0,0";"0,0";"0,0";"0,0";"0,0";"0,0";"0,0";"0,0";"0,0";"0,0";"0,0";"0,0";"0,0";"0,0";"0,0";"13,924074";"2,44732077";"0,419146";"5,4055";"0,0";"5,09191745"
"Agente Privado";"BBC SVF     ";"0,0";"0,0";"0,0";"0,0";"0,0";"0,0";"0,0";"0,0";"0,0";"0,0";"0,0";"0,0";"0,0";"0,0";"0,0";"0,0";"0,0";"0,0";"0,0";"0,0";"0,0";"0,0";"1,57089044";"5,37344718";"2,02783629";"0,30049312"
"Agente Privado";"BBM BM      ";"0,0";"0,0";"0,0";"0,0";"0,0";"0,0";"0,0";"0,0";"0,0";"0,0";"0,0";"0,0";"81,79473256";"37,65048421";"165,07760942";"145,4698216";"28,2843112";"0,0";"0,0";"0,0";"0,0";"0,0";"0,0";"0,0";"0,0";"0,0"
"Agente Privado";"BCN BM      ";"0,0";"0,0";"0,0";"0,0";"0,0";"0,0";"0,0";"0,0";"0,0";"0,0";"0,0";"0,0";"0,0";"0,0";"0,0";"0,0";"5,24261573";"5,7057424";"36,76276511";"59,60196289";"226,06487299";"236,73566459";"228,014353210001";"152,28542099";"174,09301777";"246,444617480001"
"Agente Privado";"BCO MAIS    ";"0,0";"0,0";"0,0";"0,0";"0,0";"0,0";"0,0";"0,0";"0,0";"0,0";"0,0";"0,0";"0,0";"0,0";"0,0";"0,0";"0,0";"0,0";"0,0";"0,0";"2,634403";"45,198759";"0,0";"0,0";"0,0";"0,0"
"Agente Privado";"BCSUL BM    ";"0,0";"0,0";"0,0";"0,0";"0,0";"0,0";"0,0";"0,0";"0,0";"0,0";"0,0";"0,0";"0,0";"0,0";"0,0";"0,0";"0,0";"0,0";"0,0";"14,06260651";"8,42654697";"8,55924407";"14,51422158";"23,54696782";"4,34149999";"0,0"
"Agente Privado";"BCV BM      ";"0,0";"0,0";"0,0";"0,0";"0,0";"0,0";"0,0";"0,0";"0,0";"0,0";"0,0";"0,0";"0,0";"0,0";"0,0";"3,75294919";"1,4747491";"6,69282971";"70,26607301";"39,64661391";"6,50583616";"0,93";"0,255046";"0,0";"0,10394999";"0,0"
"Agente Privado";"BEA BM      ";"0,0";"0,0";"0,0";"0,0";"0,0";"0,0";"0,0";"0,0";"0,0";"0,0";"0,0";"0,0";"0,0";"0,0";"0,0";"0,0";"0,0";"0,0";"0,0";"0,0";"0,39017006";"1,93944987";"7,61331872";"5,98529193";"6,41489864";"6,78293597"
"Agente Privado";"BEC BM      ";"0,0";"0,0";"0,0";"0,0";"0,0";"0,0";"0,0";"0,0";"0,0";"0,0";"0,0";"0,0";"0,0";"0,0";"0,0";"0,0";"0,0";"0,0";"0,0";"0,0";"0,01559636";"0,0";"0,505865";"3,91623894";"14,85425342";"19,97300508"
"Agente Privado";"BEG BM      ";"0,0";"0,0";"0,0";"0,0";"0,0";"0,0";"0,0";"0,0";"0,0";"0,0";"0,0";"0,0";"0,0";"0,0";"0,0";"0,0";"0,0";"0,0";"2,68103612";"0,15126347";"0,0";"0,012212";"3,02386212";"12,28218091";"0,0";"0,0"
"Agente Privado";"BEMGE HDG   ";"0,0";"0,0";"0,0";"0,0";"0,0";"0,0";"0,0";"0,0";"0,0";"0,0";"0,0";"0,0";"0,0";"0,0";"0,0";"0,0";"0,0";"0,0";"0,0";"0,0";"0,0";"0,0";"0,06917451";"0,10181118";"0,0";"0,0"
"Agente Privado";"BFC ADM     ";"0,0";"0,0";"0,0";"0,0";"0,0";"0,0";"0,0";"0,0";"0,0";"0,0";"0,0";"0,0";"0,0";"0,0";"0,0";"0,0";"0,0";"0,0";"0,0";"0,0";"0,0";"0,0";"0,0";"0,0";"0,0";"1,95433629"
"Agente Privado";"BI BM       ";"0,0";"0,0";"2,0";"5,0";"45,1047704";"41,28854712";"32,21133507";"43,24185248";"4,35362085";"14,51594915";"64,6177372";"32,501973";"25,94845533";"20,07498317";"6,399823";"19,02376779";"21,18983399";"26,48573844";"37,77695205";"31,07681204";"15,47618791";"1,62861566";"0,2";"2,6693561";"9,4036861";"0,0"
"Agente Privado";"BMC BI      ";"0,0";"0,0";"0,0";"0,0";"0,0";"0,0";"0,0";"0,0";"0,0";"0,0";"0,0";"0,0";"0,0";"0,0";"0,0";"0,0";"0,0";"0,0";"0,0";"0,2241828";"51,85365536";"22,95365489";"14,29778165";"0,0";"0,0";"0,0"
"Agente Privado";"BMC LEASING ";"0,0";"0,0";"0,0";"0,0";"0,0";"0,0";"0,0";"0,0";"0,0";"0,0";"0,0";"0,0";"0,0";"0,0";"0,0";"0,0";"3,29182222";"2,50026127";"5,18159";"0,620736";"0,10239725";"1,4025024";"3,87639244";"0,0";"0,0";"0,0"
"Agente Privado";"BMD         ";"0,0";"0,0";"0,0";"0,0";"0,0";"0,0";"0,0";"0,0";"0,0";"0,0";"0,0";"0,0";"0,0";"0,0";"0,0";"0,0";"0,0";"0,0";"0,0";"0,0";"0,0";"0,0";"10,1673";"0,0";"0,0";"0,0"
"Agente Privado";"BMG BM      ";"0,0";"0,0";"0,0";"0,0";"0,0";"0,0";"0,0";"0,0";"0,0";"0,0";"45,83650931";"35,7132706";"103,61506946";"78,81047948";"32,18804961";"37,37104216";"59,75470978";"31,78326581";"9,26363377";"5,28332423";"4,49515824";"1,80503108";"41,26144257";"40,90920327";"36,90340862";"52,5669635400001"
"Agente Privado";"BMG LS      ";"0,0";"0,0";"0,0";"0,0";"0,0";"0,0";"0,0";"0,0";"0,0";"0,0";"14,54880865";"3,2514732";"25,41838014";"26,68924074";"13,10072401";"5,1894847";"4,6682952";"5,55052607";"2,02474229";"2,2458118";"1,14926405";"0,64504688";"19,47497418";"0,0";"0,0";"0,0"
"Agente Privado";"BNP BRASIL  ";"0,0";"0,0";"0,0";"2,136";"49,77373333";"5,95735001";"18,92519999";"34,62350001";"32,49999999";"0,0";"0,0";"50,0";"5,24087158";"122,95942972";"109,7334";"40,40872";"11,75921469";"0,0";"0,0";"0,79091652";"2,78012609";"3,0601746";"0,0";"0,0";"0,0";"0,0"
"Agente Privado";"BOFA BRASIL ";"0,0";"0,0";"0,0";"0,0";"0,0";"0,0";"0,0";"0,0";"0,0";"0,0";"0,0";"0,0";"0,0";"0,0";"23,85246289";"75,35581489";"53,004794";"173,34931666";"404,08518142";"286,78810013";"0,0";"0,0";"0,0";"0,0";"0,0";"0,0"
"Agente Privado";"BOFA LIBBM  ";"0,0";"0,0";"0,0";"0,0";"0,0";"0,0";"0,0";"0,0";"0,0";"0,0";"0,0";"0,0";"0,0";"0,0";"0,0";"0,0";"0,0";"0,0";"0,0";"0,0";"0,0";"0,0";"52,12094299";"0,0";"0,0";"0,0"
"Agente Privado";"BONCRED FI  ";"0,0";"0,0";"0,0";"0,0";"0,0";"0,0";"0,0";"0,0";"0,0";"0,0";"0,0";"0,3364";"0,7524";"0,8171";"2,6276";"1,2730439";"0,0";"0,0";"0,0";"0,0";"0,0";"0,0";"0,0";"0,0";"0,0";"0,0"
"Agente Privado";"BONCRED LS  ";"0,0";"0,0";"0,0";"0,0";"0,0";"0,0";"0,0";"0,0";"0,0";"0,0";"0,0";"0,0";"0,0";"0,1067";"1,52793859";"0,08196";"0,06315442";"1,59130285";"1,67492441";"0,68914515";"2,03534059";"2,3906488";"0,56073761";"0,0";"0,0";"0,0"
"Agente Privado";"BPN BC      ";"0,0";"0,0";"0,0";"0,0";"0,0";"0,0";"0,0";"0,0";"0,0";"0,0";"6,2778729";"56,08152228";"36,68565007";"28,8478116";"11,67381368";"5,4344508";"0,0";"0,0";"0,0";"0,0";"0,0";"0,0";"0,0";"0,0";"0,0";"0,0"
"Agente Privado";"BRADESCO BBI";"0,0";"0,0";"0,0";"0,0";"0,0";"0,0";"0,0";"0,0";"0,0";"0,0";"0,0";"0,0";"0,0";"0,0";"0,0";"0,0";"0,0";"0,0";"0,0";"0,0";"0,0";"0,0";"0,0";"0,10741914";"2,06571936";"3,4436483"
"Agente Privado";"BRADESCO BM ";"6226,03773249998";"5003,66082363997";"6273,11849201008";"5876,94442383001";"7691,36457982012";"8071,15636970002";"14056,8983983296";"17456,3725609402";"12308,1357578602";"15403,7430091296";"17339,0468629598";"9323,90492222995";"8864,90259602999";"6877,91191994992";"5670,43988045999";"4367,28899976999";"3325,97419548";"2594,12621903999";"1941,97901972";"1856,3933623";"1735,23104467";"1121,27244021";"1106,35994677001";"949,56664062002";"693,464473110012";"636,569095750021"
"Agente Privado";"BRADESCO CAR";"0,0";"0,0";"0,0";"0,0";"0,0";"0,0";"0,0";"0,0";"0,0";"0,0";"0,0";"0,0";"0,0";"0,0";"0,0";"0,0";"0,0";"0,0";"0,13519726";"20,38369173";"38,70940341";"67,51702366";"37,22924143";"8,67736981";"0,0";"0,0"
"Agente Privado";"BRADESCO FI ";"0,0";"0,0";"0,0";"0,0";"0,0";"0,0";"0,0";"0,0";"0,0";"0,0";"0,0";"0,0";"0,0";"0,0";"1,0";"8,08171793";"72,00188422";"108,22918527";"60,37981879";"17,5265335";"19,99916279";"64,74727075";"112,01086544";"94,8950480799999";"58,20552584";"30,93378357"
"Agente Privado";"BRADESCO LS ";"0,0";"0,0";"0,0";"0,0";"0,4725";"1,466584";"33,87330309";"51,85360987";"55,66352761";"172,45922061";"106,61509033";"103,84243123";"353,93160057";"340,49676245";"150,96717993";"99,23494787";"60,87911861";"120,85599354";"125,55547617";"93,82696378";"54,15760486";"34,79160579";"45,92255968";"0,0";"0,0";"0,0"
"Agente Privado";"BRJ BM      ";"0,0";"0,0";"0,0";"0,0";"0,0";"0,0";"0,0";"0,0";"0,0";"0,0";"0,0";"0,0";"0,0";"0,0";"0,0";"0,0";"0,0";"0,0";"0,0";"0,0";"0,0";"5,3356";"11,38858673";"34,776296";"0,0";"0,0"
"Agente Privado";"BRKB DTVM   ";"0,0";"0,0";"0,0";"0,0";"0,0";"0,0";"0,0";"0,0";"0,0";"0,0";"0,0";"9,9994876";"0,0";"2,9752976";"0,0";"0,0";"0,0";"11,48099884";"10,7335";"29,89672309";"50,26021859";"42,36353346";"11,57317849";"9,86500797";"0,0";"0,0"
"Agente Privado";"BRP BM      ";"0,0";"0,0";"0,2828";"25,71645066";"18,04120054";"8,34395801";"15,49595991";"3,83292";"6,00993515";"31,43557757";"48,55328416";"56,88280485";"45,47644458";"30,82392615";"17,42830674";"1,72333361";"4,12237004";"26,89980583";"28,86314941";"17,19774055";"16,16377133";"10,48251179";"9,27674516";"5,62455033";"0,0";"0,0"
"Agente Privado";"BS2 BANCO   ";"0,0";"0,0";"0,0";"0,0";"0,0";"0,0";"0,0";"0,0";"0,0";"0,0";"0,0";"0,0";"23,4951029";"6,679664";"11,78778296";"10,027584";"7,26501927";"11,2867787";"7,88952189";"3,50675642";"5,32296385";"3,55665867";"0,0";"0,0";"0,0";"0,0"
"Agente Privado";"BTG PAC CTVM";"0,0";"0,0";"0,0";"0,0";"0,0";"0,0";"0,0";"0,0";"0,0";"0,0";"0,0";"0,0";"0,0";"0,0";"0,0";"0,0";"0,0";"0,0";"0,0";"0,0";"0,0";"0,0";"18,57505793";"14,83624554";"28,45501028";"0,0"
"Agente Privado";"BTG PACTUAL ";"995,65311803";"0,0";"0,0";"0,0";"0,7393367";"460,81346448";"616,93489842";"443,99354867";"506,58777667";"0,0";"98,822";"0,0";"0,0";"0,0";"0,0";"0,0";"58,47729203";"0,0508824";"0,7997723";"0,4311";"1,087761";"0,0";"0,0";"0,0";"0,0";"0,0"
"Agente Privado";"BV LS       ";"0,0";"0,0";"0,0";"0,0";"0,0";"0,0";"9,8";"0,3516023";"0,0";"10,83059946";"6,49265245";"6,50705";"12,95358";"23,94255231";"12,43747";"0,0";"0,0692063";"1,647";"2,189115";"0,0";"0,0";"0,1628493";"0,0";"0,0";"0,0";"0,0"
"Agente Privado";"BVA         ";"0,0";"0,0";"0,0";"0,0";"0,0";"0,0";"0,0";"0,0";"0,0";"0,0";"0,0";"0,0";"0,0";"0,0";"1,32417032";"2,47235477";"51,98063687";"169,64462604";"289,57555127";"108,8354955";"124,94852276";"86,23329626";"123,07379846";"47,96486947";"21,06690495";"0,0"
"Agente Privado";"BVR BM      ";"0,0";"0,0";"0,0";"0,0";"0,0";"0,0";"0,0";"0,0";"0,0";"0,0";"0,0";"0,0";"0,0";"0,0";"0,0";"0,0";"0,0";"0,0";"0,0";"0,0";"0,0";"0,5148";"2,2944";"0,0";"0,0";"0,0"
"Agente Privado";"CATERPILL BM";"10,294418";"46,9337381";"134,3691609";"190,61615081";"227,81546652";"557,99445811";"1366,1546846";"1245,84441406";"1047,65799995";"1054,44451467";"942,899408339999";"625,51423814";"554,82947277";"498,20634922";"387,5089635";"372,15328083";"201,7380769";"117,28790208";"131,33046613";"83,37105378";"17,97493762";"8,34758268";"0,0";"0,0";"0,0";"0,0"
"Agente Privado";"CCB BRASIL  ";"0,0";"0,0";"0,0";"0,0";"0,0";"0,0";"0,0";"0,0";"0,0";"0,0";"0,0";"0,0";"0,0";"0,0";"0,0";"24,22437265";"143,79441867";"330,14898133";"269,41660747";"72,39175645";"34,6833182";"10,59431097";"28,87207075";"31,8111012699999";"14,63158662";"6,63509537"
"Agente Privado";"CETELEM BM  ";"0,0";"0,0";"0,0";"0,0";"0,0";"0,0";"0,0";"0,0";"0,0";"0,0";"0,0";"0,0";"0,0";"0,0";"0,7167396";"1,05674976";"5,75686282";"6,77450685";"6,04959402";"1,24117354";"1,90532862";"8,74300858";"8,99141358";"0,281";"0,0";"0,0"
"Agente Privado";"CHASE FLEMIN";"0,0";"0,0";"0,0";"0,0";"0,0";"0,0";"0,0";"0,0";"0,0";"0,0";"0,0";"0,0";"0,0";"0,0";"0,0";"0,0";"0,0";"0,0";"0,0";"0,0";"33,00222324";"4,21546601";"0,0";"0,0";"0,0";"0,0"
"Agente Privado";"CITIBANK    ";"0,0";"0,0";"0,0";"13,47587841";"444,74317945";"124,8835493";"161,5788976";"102,4410076";"87,1967847";"302,78837178";"606,19543461";"143,87537676";"154,84932537";"324,61737981";"62,41817095";"11,41600285";"98,29343732";"90,5483614299998";"240,64917723";"336,44610009";"331,32528918";"264,60699982";"227,94252513";"24,61577737";"0,0";"0,0"
"Agente Privado";"CITIBANK BR ";"0,0";"0,0";"0,0";"0,0";"0,0";"0,0";"0,0";"0,0";"0,0";"0,0";"0,0";"0,0";"0,0";"0,0";"0,0";"0,0";"0,0";"0,0";"0,0";"0,0";"92,91880318";"0,0";"0,0";"0,0";"0,0";"0,0"
"Agente Privado";"CITIBANK LS ";"0,0";"0,0";"0,0";"0,0";"0,0";"0,0";"0,0";"0,0";"0,0";"0,0";"0,0";"0,0";"2,12";"0,0";"0,0";"0,0";"0,0";"0,0";"0,0";"0,0";"0,0";"0,0";"0,0";"0,0";"0,0";"0,0"
"Agente Privado";"CNH BM      ";"2024,34778824";"1780,53816353";"1920,81505983";"1790,62276942";"1377,73813727";"1472,22487035";"1835,49993045";"1511,90062325";"1061,05258708";"699,58993908";"332,19751772";"343,60530809";"424,69401024";"413,70233814";"283,52688396";"489,64002388";"1014,31843987";"986,344741710002";"827,915924949999";"443,26103805";"313,6799558";"109,18927631";"0,0";"0,0";"0,0";"0,0"
"Agente Privado";"CREDIREAL BM";"0,0";"0,0";"0,0";"0,0";"0,0";"0,0";"0,0";"0,0";"0,0";"0,0";"0,0";"0,0";"0,0";"0,0";"0,0";"0,0";"0,0";"0,0";"0,0";"0,0";"0,0";"0,0";"0,00511093";"0,0";"0,0";"4,18837817"
"Agente Privado";"CREFISUL    ";"0,0";"0,0";"0,0";"0,0";"0,0";"0,0";"0,0";"0,0";"0,0";"0,0";"0,0";"0,0";"0,0";"0,0";"0,0";"0,0";"0,0";"0,0";"0,0";"0,0";"0,0";"3,76117093";"16,75673715";"7,71495982";"8,87740103";"9,77475467000001"
"Agente Privado";"CRESOL BASER";"1820,10526742";"1426,01502756";"1140,66983225001";"1061,3222635";"923,294200659996";"649,375819310001";"624,416018000006";"467,44071813";"394,042963860001";"263,22431323";"190,73241111";"205,07566662";"141,62852989";"70,80945654";"20,16848";"5,409855";"29,995";"20,0";"7,9";"6,45163439";"1,50783388";"0,94530886";"0,0";"0,0";"0,0";"0,0"
"Agente Privado";"CRESOL SC-RS";"347,09766156";"394,11395964";"313,95769593";"270,067145929999";"163,38728409";"72,24103286";"92,33461436";"220,26493732";"303,26365262";"242,81431457";"240,50077637";"141,71891446";"81,87500358";"42,53731796";"10,323549";"8,217516";"0,0";"0,0";"0,0";"0,0";"0,0";"0,0";"0,0";"0,0";"0,0";"0,0"
"Agente Privado";"CXGERAL BM  ";"0,0";"0,0";"0,0";"0,0";"3,0";"65,6317041";"13,17449651";"8,9843935";"21,44799999";"9,27111311";"0,0";"0,0";"0,0";"0,0";"0,0";"0,0";"0,0";"0,0";"0,0";"0,0";"0,0";"0,0";"0,0";"0,0";"0,0";"0,0"
"Agente Privado";"DAIMLER BC  ";"0,0";"0,0";"0,0";"0,0";"0,0";"0,0";"0,0";"0,0";"0,0";"0,0";"0,0";"0,0";"0,0";"0,0";"577,51792231";"1037,41020941";"788,792367600001";"567,395385330001";"332,8274086";"304,58626564";"209,55667582";"119,60137186";"0,0";"0,0";"0,0";"0,0"
"Agente Privado";"DAYCOVAL BM ";"64,30462328";"81,87899707";"200,72224196";"281,22754749";"211,19625797";"68,69462376";"137,33577102";"144,04416099";"104,77437834";"159,90998677";"200,67575802";"95,38925159";"14,34088328";"0,0";"0,0";"0,0";"0,0";"0,0";"0,0";"0,0";"0,0";"0,0";"0,0";"0,0";"0,0";"0,0"
"Agente Privado";"DEUTSCHE BK ";"0,0";"0,0";"0,0";"0,0";"0,0";"0,0";"0,0";"0,0";"0,0";"0,0";"16,23015436";"0,0";"0,0";"0,0";"0,0";"0,0";"0,0";"0,0";"0,0";"0,0";"11,78667935";"0,0";"17,6445";"0,0";"0,0";"0,0"
"Agente Privado";"DIBENS LS   ";"0,0";"0,0";"0,0";"0,0";"0,0";"0,0";"0,0";"0,0";"0,0";"0,0";"27,08004466";"39,75197998";"241,90565823";"188,08931875";"19,95215104";"50,42485332";"52,91313597";"73,33315341";"56,8934964";"69,41580487";"10,52160434";"14,93858388";"25,41365912";"0,0";"0,0";"0,0"
"Agente Privado";"DIRECAO CFI ";"0,0";"0,0";"0,0";"0,0";"0,0";"0,0";"0,0";"0,0";"0,304";"1,0492";"0,4845";"0,6272";"1,4228";"1,1466";"2,5737696";"0,04855804";"1,83233527";"7,89896019";"16,12216636";"13,38571867";"10,04215653";"3,06202755";"5,78588802";"7,5678339";"3,25058983";"4,77459854"
"Agente Privado";"DLL BM      ";"1368,12941746";"1307,0896497";"1414,45029662";"1346,39850743";"1124,82138459";"994,25083973";"1095,08148026";"1692,17143846";"1403,16618348";"1381,94268189";"1542,51370726";"854,238614690001";"813,8601958";"646,96858588";"404,02554227";"252,14203845";"946,041495829998";"452,64701033";"0,0";"0,0";"0,0";"0,0";"0,0";"0,0";"0,0";"0,0"
"Agente Privado";"DRESDNER BK ";"0,0";"0,0";"0,0";"0,0";"0,0";"0,0";"0,0";"0,0";"0,0";"0,0";"0,0";"0,0";"0,0";"0,0";"0,0";"13,754";"0,0";"8,8638";"4,5";"34,03440036";"40,53325996";"24,4988428";"40,60041";"0,50880528";"9,5698845";"0,32185999"
"Agente Privado";"ECONOMICO BM";"0,0";"0,0";"0,0";"0,0";"0,0";"0,0";"0,0";"0,0";"0,0";"0,0";"0,0";"0,0";"0,0";"0,0";"0,0";"0,0";"0,0";"0,0";"0,0";"0,0";"0,0";"0,0";"0,0";"0,0";"0,0";"29,09119565"
"Agente Privado";"FIBRA BM    ";"0,0";"0,0";"0,0";"0,0";"0,0";"0,0";"0,0";"0,0";"99,49815208";"323,24587843";"419,6615558";"281,23616762";"73,09060884";"196,46760382";"152,60411055";"143,3754621";"48,8875281";"73,36042318";"56,11296466";"13,87569852";"6,63221898";"0,19051933";"18,45377145";"2,2859658";"35,39235051";"19,90686638"
"Agente Privado";"FIBRA LS    ";"0,0";"0,0";"0,0";"0,0";"0,0";"0,0";"0,0";"0,0";"0,0";"0,0";"0,0";"0,0";"0,0";"0,0";"0,0";"0,0";"0,6248";"0,0";"0,0";"0,0";"0,0";"0,0";"0,18";"0,0";"0,0";"0,0"
"Agente Privado";"FIDIS BM    ";"0,0";"0,0";"0,0";"0,0";"0,0";"0,0";"118,55632702";"498,70313875";"455,20599201";"611,074471400001";"587,57472045";"319,63359346";"71,65628201";"0,0";"0,0";"0,0";"0,0";"0,0";"0,0";"0,740449";"1,458012";"0,0";"0,0";"1,00657097";"0,0";"0,10605"
"Agente Privado";"FINASA BM   ";"0,0";"0,0";"0,0";"0,0";"0,0";"0,0";"0,0";"0,0";"0,0";"0,0";"0,0";"0,0";"0,0";"0,0";"0,0";"1,00525";"13,21790116";"22,95657157";"10,78888081";"0,0";"0,0";"0,0";"0,0";"0,0";"0,0";"0,0"
"Agente Privado";"FONTE CINDAM";"0,0";"0,0";"0,0";"0,0";"0,0";"0,0";"0,0";"0,0";"0,0";"0,0";"0,0";"0,0";"0,0";"0,0";"0,0";"0,0";"0,0";"0,0";"0,0";"0,0";"0,0";"0,0";"0,0";"0,0";"1,54887029";"0,0"
"Agente Privado";"FORD BM     ";"0,0";"0,0";"0,0";"0,0";"0,0";"0,0";"0,0";"0,0";"0,0";"0,0";"0,0";"0,0";"0,0";"0,0";"0,0";"0,0";"0,0";"0,13145512";"5,4138472";"40,65699702";"58,21314736";"0,0";"0,0";"0,0";"0,0";"0,0"
"Agente Privado";"GMAC BM     ";"0,0";"0,0";"0,0";"0,0";"0,0";"0,0";"0,0";"0,0";"0,0";"0,0";"0,0";"0,0";"0,0";"0,0";"0,0";"0,0";"0,61748";"1,19819592";"1,25774968";"9,85432755";"24,24260601";"12,77745861";"1,680837";"0,0";"0,0";"0,0"
"Agente Privado";"GNPP        ";"0,0";"0,0";"0,0";"0,0";"0,0";"0,0";"0,0";"0,0";"0,0";"0,0";"0,0";"0,0";"0,0";"0,0";"0,0";"0,0";"0,0";"0,0";"0,0";"0,0";"0,0";"0,0";"0,0";"0,0";"0,0";"8,34857993"
"Agente Privado";"GUANABARA BM";"0,0";"0,0";"0,0";"2,04";"13,128335";"32,6423";"44,33571";"5,79476532";"119,2226021";"138,26670867";"164,41265804";"81,24438235";"111,22667483";"44,2583799";"53,68303824";"26,7575399";"11,909462";"23,41196989";"19,32217702";"5,23468795";"6,10505149";"4,83669056";"36,01195148";"11,99885442";"22,86928754";"15,36750064"
"Agente Privado";"HAITONG BI  ";"0,0";"0,0";"0,0";"0,0";"2,12497828";"25,2123835";"41,41738345";"142,99773204";"0,0";"48,89954502";"42,24508823";"101,63476933";"5,16881057";"0,0";"0,0";"0,0";"0,0";"0,0";"0,0";"0,0";"0,0";"0,0";"0,0";"0,0";"0,0";"0,0"
"Agente Privado";"HP LEASING  ";"0,0";"0,0";"0,0";"0,0";"0,0";"0,0";"0,0";"0,0";"0,0";"0,0";"0,0";"0,0";"0,0";"0,0";"0,0";"0,0";"0,0";"0,0";"0,0";"0,0";"0,96";"1,0495833";"0,815";"0,0";"0,0";"0,0"
"Agente Privado";"INDUSVAL BM ";"0,0";"0,0";"0,0";"0,0";"0,0";"0,0";"0,71871452";"93,89947882";"208,09719784";"141,30284011";"58,764138";"78,2895545";"157,3945238";"0,0";"0,0";"0,0";"0,0";"0,0";"0,31240913";"0,0";"0,17016645";"1,23611825";"0,0";"0,250333";"1,12";"0,0"
"Agente Privado";"INTERCAP BM ";"0,0";"0,0";"0,0";"0,0";"0,0";"0,0";"0,0";"9,19591594";"15,6723";"0,0";"0,0";"0,0";"0,0";"0,0";"0,0";"0,0";"0,0";"0,0";"0,0";"0,0";"0,0";"0,0";"0,0";"0,0";"0,0";"0,0"
"Agente Privado";"INTERIOR BC ";"0,0";"0,0";"0,0";"0,0";"0,0";"0,0";"0,0";"0,0";"0,0";"0,0";"0,0";"0,0";"0,0";"0,0";"0,0";"0,0";"0,0";"0,0";"0,0";"0,498549";"6,57706892";"3,1126724";"5,86272786";"0,61385517";"0,0";"0,0"
"Agente Privado";"INTERPART   ";"0,0";"0,0";"0,0";"0,0";"0,0";"0,0";"0,0";"0,0";"0,0";"0,0";"0,0";"0,0";"0,0";"0,0";"0,0";"0,0";"0,0";"0,0";"0,0";"0,0";"0,0";"1,2229548";"19,699842";"8,73858279";"0,0";"0,0"
"Agente Privado";"INTERUNION  ";"0,0";"0,0";"0,0";"0,0";"0,0";"0,0";"0,0";"0,0";"0,0";"0,0";"0,0";"0,0";"0,0";"0,0";"0,0";"0,0";"0,0";"0,0";"0,0";"0,0";"0,0";"0,0";"0,0";"0,0";"13,32048902";"0,0"
"Agente Privado";"IOCHPE PART ";"0,0";"0,0";"0,0";"0,0";"0,0";"0,0";"0,0";"0,0";"0,0";"0,0";"0,0";"0,0";"0,0";"0,0";"0,0";"0,0";"0,0";"0,0";"0,0";"0,0";"0,0";"0,0";"1,3960576";"0,1383822";"17,4050071";"4,96256638"
"Agente Privado";"ITABANCO    ";"0,0";"0,0";"0,0";"0,0";"0,0";"0,0";"0,0";"0,0";"0,0";"0,0";"0,0";"0,0";"0,0";"0,0";"0,0";"0,0";"0,0";"0,0";"0,0";"0,0";"0,0";"0,0";"0,0";"0,04575603";"0,0";"0,0"
"Agente Privado";"ITAU UHD BM ";"0,0";"0,0";"0,0";"0,0";"0,0";"0,0";"0,0";"0,0";"0,0";"0,0";"0,0";"0,0";"0,0";"0,0";"0,0";"0,0";"0,0";"0,0";"0,0";"0,483269";"15,35324061";"101,85434177";"277,29963255";"152,64238916";"85,0469886999999";"64,4409921600001"
"Agente Privado";"ITAU UNIB BM";"1423,63292835";"1219,74775674";"3028,04000059";"4401,06820355999";"4108,45443934999";"7422,69577136998";"15588,11289735";"18748,14863503";"11758,92980366";"13623,59923468";"16190,46924112";"9608,89599204998";"8188,29223171998";"6338,09193669998";"4185,29002670999";"4443,76912577";"3274,62402146";"2800,62998382";"2415,58468255";"2952,13584502999";"2604,75132991";"2163,52897743";"1215,56939146001";"838,265442270005";"691,494197460005";"566,064696480012"
"Agente Privado";"ITAUBANK    ";"0,0";"0,0";"0,0";"0,0";"0,0";"0,0";"0,0";"0,0";"0,0";"0,0";"0,0";"0,0";"0,0";"69,30203231";"300,43743972";"445,60782037";"566,55133796";"569,78120345";"450,14122783";"218,93539028";"300,06135899";"198,75964882";"122,24544981";"22,65022274";"1,05953213";"1,17206947"
"Agente Privado";"ITAUBANK LS ";"0,0";"0,0";"0,0";"0,0";"0,0";"0,0";"0,0";"0,0";"0,0";"0,0";"0,0";"0,0";"0,0";"0,0";"0,0";"0,0";"0,0";"0,0";"0,0";"0,0";"0,0";"0,0";"3,23624776";"0,0";"0,0";"0,0"
"Agente Privado";"ITAUCARD BM ";"64,05908823";"74,9361683899999";"89,33684583";"132,95893988";"151,11775842";"185,85443425";"173,66371391";"142,40210881";"113,70346391";"27,61055293";"0,0";"0,0";"0,0";"0,0";"0,0";"0,0";"0,0";"0,0";"3,68603032";"0,59784";"3,1522374";"12,6857216";"9,21197099";"0,0";"0,0";"0,0"
"Agente Privado";"ITAULEASING ";"0,0";"0,0";"0,0";"89,39498751";"0,45914733";"16,77274949";"40,1287733";"66,54378019";"85,94981782";"117,16852084";"56,73999029";"6,657296";"70,91269457";"17,099144";"0,0";"0,0";"0,0";"0,0";"0,0";"0,0";"0,0";"0,0";"0,0";"0,0";"0,0";"0,0"
"Agente Privado";"J DEERE BM  ";"1699,12673592";"1700,38558841";"1690,77871033";"1794,0961736";"1723,95940007";"1662,06047083";"1470,44154226";"1016,85016345";"609,105388560001";"667,46627902";"679,35759945";"481,56243127";"287,59902452";"158,9305447";"95,96898786";"221,31673022";"482,01719403";"317,53015943";"195,53368745";"217,19730832";"215,44867094";"123,4115787";"43,94185322";"3,19950082";"0,14216885";"2,22295407"
"Agente Privado";"J SAFRA BM  ";"0,0";"0,0";"0,0";"8,63466887";"1112,97809536";"1245,2998051";"2541,99306396";"2940,08341063";"2754,64204698";"467,34036717";"0,0";"28,82898413";"137,70583937";"81,51845279";"66,65289725";"0,0";"0,0";"0,0";"0,0";"0,0";"0,0";"0,0";"0,0";"0,0";"0,0";"0,0"
"Agente Privado";"JPMORGAN    ";"0,0";"0,0";"0,0";"0,0";"0,0";"0,0";"0,0";"10,69588";"42,952";"0,0";"0,0";"0,0";"0,0";"0,0";"0,0";"0,0";"0,0";"0,0";"0,0";"0,0";"0,0";"0,0";"0,0";"0,0";"0,0";"0,0"
"Agente Privado";"KDB BM      ";"0,0";"0,0";"0,0";"0,0";"0,0";"0,0";"0,0";"0,0";"0,0";"0,0";"0,0";"13,53668286";"27,76382";"15,843";"31,37222758";"0,0";"0,0";"0,0";"0,0";"0,0";"0,0";"0,0";"0,0";"0,0";"0,0";"0,0"
"Agente Privado";"KEB BM      ";"0,0";"0,0";"0,0";"0,0";"0,0";"0,0";"0,0";"0,0";"0,0";"0,0";"0,0";"0,0";"11,07737657";"3,99999999";"0,0";"0,0";"0,0";"0,0";"0,0";"0,0";"0,0";"0,0";"0,0";"0,0";"0,0";"0,0"
"Agente Privado";"KIRTON BANK ";"0,0";"0,0";"0,0";"0,0";"649,47044678";"836,47091804";"1314,44761176";"1762,64949831";"971,43443646";"1474,0764867";"2395,07741751";"1145,7375821";"1056,71626475";"850,990454640001";"546,79939269";"365,85544296";"273,73049867";"265,30344282";"337,40011605";"165,70549496";"103,29834609";"70,39475749";"149,32458972";"45,29745677";"8,38142841";"6,55719207"
"Agente Privado";"KOMATSU     ";"0,0";"1,068";"1,7624";"9,9934552";"0,0";"0,0";"0,0";"0,0";"0,0";"0,0";"0,0";"0,0";"0,0";"0,0";"0,0";"0,0";"0,0";"0,0";"0,0";"0,0";"0,0";"0,0";"0,0";"0,0";"0,0";"0,0"
"Agente Privado";"LAVRA BC    ";"0,0";"0,0";"0,0";"0,0";"0,0";"0,0";"0,0";"0,0";"0,0";"0,0";"0,0";"0,0";"0,0";"0,0";"0,0";"0,0";"0,0";"0,0";"0,0";"0,0";"0,0";"8,91446551";"0,0";"0,0";"1,50439519";"0,17193287"
"Agente Privado";"LLOYDS BC   ";"0,0";"0,0";"0,0";"0,0";"0,0";"0,0";"0,0";"0,0";"0,0";"0,0";"0,0";"0,0";"0,0";"0,0";"0,0";"0,0";"0,0";"0,0";"3,62088";"41,34155803";"86,83008176";"4,09398";"2,06983195";"11,99061222";"23,41892174";"41,47332756"
"Agente Privado";"LUSO BM     ";"0,0";"0,0";"0,0";"0,0";"0,0";"0,0";"0,0";"0,0";"0,0";"0,0";"0,0";"0,0";"0,0";"0,0";"0,0";"8,56606044";"10,73399855";"10,77047948";"15,68479509";"4,17947005";"0,7013";"0,0";"0,0";"0,0";"0,0";"0,0"
"Agente Privado";"MARTNELLI BM";"0,0";"0,0";"0,0";"0,0";"0,0";"0,0";"0,0";"0,0";"0,0";"0,0";"0,0";"0,0";"0,0";"0,0";"0,0";"0,0";"0,0";"0,0";"0,0";"0,0";"0,0";"0,0";"0,0";"0,00249767";"0,47069537";"4,01742176"
"Agente Privado";"MAXIMA BC   ";"0,0";"0,0";"0,0";"0,0";"0,0";"0,0";"0,0";"0,0";"0,0";"0,0";"0,0";"0,0";"0,0";"0,0";"0,0";"0,0";"0,0";"0,0";"0,0";"0,0";"5,3842424";"5,641784";"1,63444878";"1,0138866";"0,0";"0,0"
"Agente Privado";"MERCANTIL BC";"0,0";"0,0";"0,0";"0,0";"0,0";"0,0";"0,0";"0,0";"0,0";"0,0";"0,0";"0,0";"0,0";"0,0";"0,0";"0,0";"0,0";"0,0";"0,0";"0,0";"0,0";"0,0";"0,0";"0,0";"0,0";"20,07661822"
"Agente Privado";"MERCANTIL BI";"0,0";"0,0";"0,0";"0,0";"0,0";"0,0";"0,0";"0,0";"0,0";"0,0";"0,0";"0,0";"0,0";"0,0";"0,0";"0,0";"0,0";"0,0";"0,0";"0,0";"0,0";"0,12104868";"5,38926444";"4,7852315";"0,46059999";"0,27157006"
"Agente Privado";"MERCANTIL BM";"0,0";"0,0";"0,0";"0,0";"0,0";"0,0";"0,0";"0,0";"0,0";"0,0";"0,0";"0,0";"28,88815113";"37,17958849";"84,58171382";"74,61268951";"64,35758481";"38,46949852";"56,24704399";"57,66708717";"56,60460702";"27,61781639";"42,09907528";"39,83299337";"14,8707195";"31,4199398499999"
"Agente Privado";"MERCEDES BM ";"628,08490002";"465,94543283";"1155,50788806";"1458,69963836";"1565,02767722";"1523,01494803";"4129,47765851";"3216,01149772";"2747,84650729";"3027,22138696";"2846,58400438";"2400,25846483";"1696,4162958";"1238,6347764";"93,80686025";"0,0";"0,0";"0,0";"0,0";"0,0";"0,0";"0,0";"0,0";"0,0";"0,0";"0,0"
"Agente Privado";"MERCEDES LS ";"0,0";"0,0";"0,0";"0,0";"0,0";"5,57766";"0,51298";"2,94641";"3,0865";"15,284";"77,92310513";"128,18057744";"230,70614175";"104,53177697";"0,0";"0,0";"0,0";"0,0";"0,0";"0,0";"0,0";"0,0";"0,0";"0,0";"0,0";"0,0"
"Agente Privado";"MIZUHO BM   ";"0,0";"0,0";"0,0";"0,0";"0,0";"0,0";"0,0";"0,0";"0,0";"0,0";"0,0";"0,0";"43,92766";"33,14534677";"0,0";"3,04399994";"0,0";"0,0";"0,0";"28,38594725";"72,46155246";"11,9724";"0,0";"0,0";"0,0";"0,0"
"Agente Privado";"MODAL BM    ";"0,0";"0,0";"0,0";"0,0";"0,0";"0,0";"0,0";"0,0";"0,0";"0,0";"0,0";"0,0";"0,0";"0,0";"0,3";"2,41957741";"27,95795078";"99,79397887";"64,28656254";"6,22488537";"9,67311115";"14,92714";"0,0";"5,72388386";"0,73546104";"0,0"
"Agente Privado";"MONEO BM    ";"200,67299879";"207,69785352";"141,69833632";"131,7181825";"168,61288372";"199,40307586";"260,69468487";"287,31391258";"246,74543287";"189,81710149";"204,84347077";"220,19955825";"216,34009175";"170,97116996";"48,62101072";"0,0";"0,0";"0,0";"0,0";"0,0";"0,0";"0,0";"0,0";"0,0";"0,0";"0,0"
"Agente Privado";"MORADA BM   ";"0,0";"0,0";"0,0";"0,0";"0,0";"0,0";"0,0";"0,0";"0,0";"0,0";"0,0";"0,0";"0,0";"0,0";"0,0";"0,0";"1,794618";"8,75916686";"3,32844265";"1,38941855";"3,285479";"16,626332";"7,927591";"3,12";"0,0";"0,0"
"Agente Privado";"MUFG BR     ";"0,0";"18,9822206";"8,74578514";"11,93519283";"30,86255919";"14,27460866";"190,23750774";"57,13130945";"44,71891173";"0,0";"0,0";"0,0";"0,0";"0,0";"0,0";"0,0";"0,0";"0,0";"25,49055243";"14,28489058";"0,0";"0,0";"0,0";"0,00472531";"0,03602461";"0,0"
"Agente Privado";"MULTIPLIC   ";"0,0";"0,0";"0,0";"0,0";"0,0";"0,0";"0,0";"0,0";"0,0";"0,0";"0,0";"0,0";"0,0";"0,0";"0,0";"0,0";"0,0";"0,0";"0,0";"0,0";"0,0";"0,0";"0,0";"0,0";"3,66892539";"13,25305366"
"Agente Privado";"NACIONAL BI ";"0,0";"0,0";"0,0";"0,0";"0,0";"0,0";"0,0";"0,0";"0,0";"0,0";"0,0";"0,0";"0,0";"0,0";"0,0";"0,0";"0,0";"0,0";"0,0";"0,0";"0,0";"0,0";"0,0042233";"2,86818629";"0,8391621";"2,96440692"
"Agente Privado";"NACIONAL BM ";"0,0";"0,0";"0,0";"0,0";"0,0";"0,0";"0,0";"0,0";"0,0";"0,0";"0,0";"0,0";"0,0";"0,0";"0,0";"0,0";"0,0";"0,0";"0,0";"0,0";"0,0";"0,0";"0,00715508";"0,06482105";"5,22533873";"59,92360963"
"Agente Privado";"NBC BANCO   ";"0,0";"0,0";"0,0";"0,0";"0,0";"0,0";"0,0";"0,0";"0,0";"0,0";"0,0";"0,0";"3,18470562";"0,0";"0,0";"0,0";"0,61635";"1,16569099";"16,01432065";"6,948862";"4,00330802";"4,68859946";"2,68174629";"0,0";"0,0";"0,0"
"Agente Privado";"PARAIBAN    ";"0,0";"0,0";"0,0";"0,0";"0,0";"0,0";"0,0";"0,0";"0,0";"0,0";"0,0";"0,0";"0,0";"0,0";"0,0";"0,0";"0,0";"0,0";"0,0";"0,0";"0,0";"0,0";"0,0";"0,01609649";"0,0";"0,0"
"Agente Privado";"PARANA BM   ";"0,0";"0,0";"0,0";"0,0";"0,0";"60,701325";"58,3294913";"46,22482";"36,02970882";"0,0";"0,0";"0,0";"0,0";"0,0";"0,0";"0,0";"0,0";"0,0";"0,0";"0,0";"0,0";"0,0";"0,0";"0,0";"0,0";"0,0"
"Agente Privado";"PAULISTA BM ";"0,0";"0,0";"0,0";"0,0";"0,0";"0,0";"0,0";"0,0";"0,0";"0,0";"0,0";"0,0";"0,0";"0,0";"0,0";"0,0";"0,0";"0,58509022";"0,12803";"0,592032";"0,38930182";"0,375665";"0,061804";"0,93807525";"0,24499999";"0,21256959"
"Agente Privado";"PINE BM     ";"0,0";"0,0";"0,0";"0,0";"13,775";"243,55356606";"423,44527083";"489,69447988";"329,56276115";"328,42470421";"699,27758968";"134,88821939";"39,75999951";"109,82437003";"121,51416179";"113,84642559";"48,05901838";"81,67361057";"117,01908322";"172,54395591";"57,06717046";"31,24125554";"23,17263302";"1,24939997";"0,0";"0,0"
"Agente Privado";"PONTUAL     ";"0,0";"0,0";"0,0";"0,0";"0,0";"0,0";"0,0";"0,0";"0,0";"0,0";"0,0";"0,0";"0,0";"0,0";"0,0";"0,0";"0,0";"0,0";"0,0";"0,0";"0,0";"0,0";"50,86206384";"18,52463814";"19,62975778";"20,36638929"
"Agente Privado";"PROGRESSO BM";"0,0";"0,0";"0,0";"0,0";"0,0";"0,0";"0,0";"0,0";"0,0";"0,0";"0,0";"0,0";"0,0";"0,0";"0,0";"0,0";"0,0";"0,0";"0,0";"0,0";"0,0";"0,0";"0,0";"0,0";"1,54913864";"2,0127223"
"Agente Privado";"PROSPER BM  ";"0,0";"0,0";"0,0";"0,0";"0,0";"0,0";"0,0";"0,0";"0,0";"0,0";"0,0";"0,0";"0,28127069";"8,79588547";"11,1602121";"26,29043411";"16,82273286";"14,42432794";"8,72463771";"1,47151571";"20,2748526";"4,646239";"16,896914";"24,52265472";"0,0";"0,0"
"Agente Privado";"PROVINCIA BM";"0,0";"0,0";"0,0";"0,0";"0,0";"0,0";"0,0";"0,0";"0,0";"0,0";"0,0";"0,0";"0,0";"0,0";"0,0";"0,0";"0,0";"0,0";"4,79795047";"2,08307164";"0,0";"0,0";"0,0";"0,0";"0,0";"0,0"
"Agente Privado";"PTO REAL BI ";"0,0";"0,0";"0,0";"0,0";"0,0";"0,0";"0,0";"0,0";"0,324";"1,03507216";"0,08158357";"0,243";"0,3199";"5,2086";"0,324991";"0,81777534";"1,10573619";"2,58258983";"0,93345131";"2,1452868";"1,81417861";"1,82933821";"0,6349";"0,0";"0,0";"0,0"
"Agente Privado";"RABOBANK    ";"350,79405165";"519,31015192";"608,2768088";"437,74270602";"438,41746547";"336,57585821";"614,89712791";"674,68320768";"224,45091847";"199,95290298";"93,1123718";"52,93395356";"64,3337646";"29,67483237";"20,58402648";"2,79608";"0,0";"21,57412145";"648,479472510001";"276,7631112";"121,33830311";"61,30846104";"14,56762393";"0,0";"0,0";"0,0"
"Agente Privado";"RANDON BM   ";"196,58945028";"131,1032548";"123,39358131";"18,260596";"1,80272";"60,3737327";"161,20648874";"152,77759522";"124,74370396";"31,1586522";"0,0";"0,0";"0,0";"0,0";"0,0";"0,0";"0,0";"0,0";"0,0";"0,0";"0,0";"0,0";"0,0";"0,0";"0,0";"0,0"
"Agente Privado";"RENDIMENTO B";"108,79709472";"20,26643359";"56,91334";"57,56677999";"20,20451572";"10,760529";"1,7308802";"10,5254099";"17,03552384";"34,812655";"44,84531396";"32,26865116";"24,261096";"18,77504868";"12,10946896";"7,01752965";"9,30974673";"0,43108228";"0,0";"0,0";"0,0";"0,0";"0,0";"0,0";"0,0";"0,0"
"Agente Privado";"RIOFORTE    ";"0,0";"0,0";"0,0";"0,0";"0,0";"0,0";"0,0";"0,0";"0,0";"0,0";"0,0";"0,0";"0,0";"0,0";"0,0";"0,0";"0,0";"0,0";"0,0";"0,0";"0,0";"0,0";"0,0";"0,0";"0,28680006";"0,0"
"Agente Privado";"RODOBENS BM ";"109,117062";"42,68686999";"83,54290834";"69,81896235";"90,18910503";"125,47570086";"306,49137831";"321,62150944";"327,34214901";"227,47357846";"205,48642675";"146,0158798";"179,96962066";"112,32014083";"47,49025499";"6,76158393";"0,0";"0,0";"0,0";"0,0";"0,0";"0,0";"4,40779529";"0,0";"3,61952311";"23,0385288699999"
"Agente Privado";"ROYAL BI    ";"0,0";"0,0";"0,0";"0,0";"0,0";"0,0";"0,0";"0,0";"0,0";"0,0";"0,0";"0,0";"0,0";"0,0";"0,0";"0,0";"0,0";"0,0";"102,48684387";"127,21450033";"38,44137486";"9,40450892";"0,0";"0,0";"0,0";"0,0"
"Agente Privado";"RURAL BM    ";"0,0";"0,0";"0,0";"0,0";"0,0";"0,0";"0,0";"0,0";"0,0";"0,0";"0,0";"0,0";"0,0";"0,0";"0,85785501";"7,31788985";"14,31637478";"93,26196567";"60,3660380999999";"89,7298600600002";"31,28531278";"20,89936975";"2,53978434";"4,12426293";"7,95513731";"3,81668483"
"Agente Privado";"RURAL HDG   ";"0,0";"0,0";"0,0";"0,0";"0,0";"0,0";"0,0";"0,0";"0,0";"0,0";"0,0";"0,0";"0,0";"0,0";"0,0";"0,0";"0,0";"0,0";"0,0";"0,0";"0,0";"0,1836";"0,0";"0,0";"0,0";"0,0"
"Agente Privado";"SAFRA BM    ";"904,48815892";"842,25031849";"1337,92716027";"1511,88492278";"1078,78285877";"678,13616722";"341,12819487";"297,22417321";"192,8681268";"3873,87119602999";"3676,13095794";"1390,28022381";"1191,57589011";"1668,83098349";"1248,72002397";"971,86357976";"1342,41117352";"1190,92448357";"601,29077783";"317,43436393";"263,77737142";"163,00632436";"199,55000853";"58,42357017";"8,91087208";"6,82847347"
"Agente Privado";"SAFRA LS    ";"0,0";"0,0";"0,0";"20,28175921";"8,86744404";"0,0";"12,38468849";"25,24873082";"0,0";"0,0";"199,84788546";"270,77863546";"454,59723652";"497,50964146";"368,07202053";"294,44628898";"119,58187758";"148,02598371";"77,5594041";"26,79730728";"15,58181254";"4,77982165";"7,83362208";"0,0";"0,0";"0,0"
"Agente Privado";"SANTANDER BM";"2508,55594674";"2145,62740048";"2795,45730904001";"4841,17727741";"5081,74236104001";"5388,57075872002";"6910,60941297998";"6340,32456237";"2951,48007773";"2776,53920967";"6082,79811841";"3428,25074851";"3273,28812433";"3214,49662449";"3454,01974371";"1976,64002483";"1855,92550239";"1150,72640658";"741,457418559999";"687,605333100001";"975,55534337";"899,31112273";"618,064429730001";"325,046382290003";"247,210143000002";"235,452202310005"
"Agente Privado";"SANTANDER NE";"0,0";"0,0";"0,0";"0,0";"0,0";"0,0";"0,0";"0,0";"0,0";"0,0";"0,0";"0,0";"0,0";"0,0";"0,0";"0,0";"0,0";"0,0";"0,0";"0,0";"0,0";"0,02479601";"0,0";"0,0";"0,0";"0,0"
"Agente Privado";"SANTOS NEVES";"0,0";"0,0";"0,0";"0,0";"0,0";"0,0";"0,0";"0,0";"0,0";"0,0";"0,0";"0,0";"0,0";"0,0";"0,0";"0,0";"0,0";"0,0";"0,0";"7,80120312";"11,93179944";"16,476378";"11,17025383";"3,98866609";"5,45945251";"0,0"
"Agente Privado";"SCANIA BM   ";"922,82094585";"604,51216538";"578,29980544";"834,73929363";"424,56221324";"297,33797926";"1009,40117284";"799,75682982";"713,68551927";"730,70334348";"126,2132458";"0,0";"0,0";"0,0";"0,0";"0,0";"0,0";"0,0";"0,0";"0,0";"0,0";"0,0";"0,0";"0,0";"0,0";"0,0"
"Agente Privado";"SEM AGENTE";"31347,37846675";"26344,50978164";"34535,7169519002";"29185,2148400102";"40035,4574646801";"70561,5652494196";"84311,9941348608";"74370,6213393797";"71910,2182700598";"54624,0907260996";"74663,0469884707";"78200,4906821001";"42414,4345108999";"26910,8626664101";"22122,49440403";"22081,01589365";"18059,7891365";"15324,0891168";"21981,88595224";"11816,08803038";"10995,30056221";"9150,16829444997";"11089,36170222";"11842,74225589";"5186,71579015";"2701,91334748"
"Agente Privado";"SEMEAR BM   ";"0,0";"0,0";"0,0";"0,0";"0,0";"0,0";"0,0";"0,0";"0,0";"0,0";"0,0";"0,0";"0,0";"0,0";"0,0";"0,0";"0,0";"0,0";"0,0";"0,0";"0,0";"0,0";"0,374";"0,34468369";"0,0";"0,0"
"Agente Privado";"SG BRASIL   ";"0,0";"0,0";"0,0";"0,0";"0,0";"4,7769559";"13,45242177";"5,2515";"1,776899";"0,0";"0,0";"0,0";"0,0";"0,0";"23,58564";"0,0";"0,0";"0,0";"0,0";"0,0";"0,08090066";"0,584";"50,49415767";"27,75452487";"8,19809671";"9,71429530000001"
"Agente Privado";"SG LS       ";"0,0";"0,0";"0,0";"0,0";"0,0";"0,0";"0,0";"0,0";"0,0";"0,0";"0,0";"0,0";"0,0";"0,0";"0,0";"0,0";"0,0";"0,0";"0,0";"0,0";"0,0";"0,0";"4,264231";"0,0";"0,0";"0,0"
"Agente Privado";"SICOPER     ";"413,982100879999";"335,781066249999";"218,84964334";"151,61646427";"0,0";"0,0";"0,0";"0,0";"0,0";"0,0";"0,0";"0,0";"0,0";"0,0";"0,0";"0,0";"0,0";"0,0";"0,0";"0,0";"0,0";"0,0";"0,0";"0,0";"0,0";"0,0"
"Agente Privado";"SICREDI     ";"3896,62790808999";"2858,32421117001";"2996,31194901999";"2096,52324670999";"1501,10319766";"1557,5974736";"1853,87526817999";"1535,21191207";"925,858721349995";"985,018941979991";"839,740970970021";"450,747703730009";"319,3000928";"197,48847004";"65,3889439";"71,10042891";"131,7942277";"79,45752281";"91,51830014";"53,55483967";"78,20403882";"18,44035285";"8,39176112000001";"0,0";"0,0";"0,0"
"Agente Privado";"SISTEMA BCO ";"0,0";"0,0";"0,0";"0,0";"0,0";"0,0";"0,0";"0,0";"0,0";"0,0";"0,0";"0,0";"0,0";"0,0";"0,0";"0,0";"0,0";"0,0";"0,0";"0,0";"0,0";"0,0";"0,0";"2,81942818";"105,10226682";"111,182360259999"
"Agente Privado";"SOFISA BM   ";"0,0";"0,0";"0,0";"0,0";"0,0";"0,0";"0,0";"0,0";"0,0";"1,476";"16,58035633";"70,01846274";"61,54310576";"27,37657938";"6,49998522";"5,21303";"0,0";"0,0";"0,0";"0,0";"0,0";"0,0";"0,0";"0,0";"0,0";"0,0"
"Agente Privado";"STARA FINANC";"69,80478906";"62,3012697";"49,99069448";"65,33246612";"26,21830597";"0,0";"0,0";"0,0";"0,0";"0,0";"0,0";"0,0";"0,0";"0,0";"0,0";"0,0";"0,0";"0,0";"0,0";"0,0";"0,0";"0,0";"0,0";"0,0";"0,0";"0,0"
"Agente Privado";"STARINVEST  ";"0,0";"0,0";"0,0";"0,0";"0,0";"0,0";"0,0";"0,0";"0,0";"0,0";"0,0";"0,0";"0,0";"0,0";"0,0";"0,0";"0,0";"0,0";"0,0";"0,0";"0,0";"0,0";"0,0";"0,0";"0,06590782";"0,0"
"Agente Privado";"SUDAMERIS BI";"0,0";"0,0";"0,0";"0,0";"0,0";"0,0";"0,0";"0,0";"0,0";"0,0";"0,0";"0,0";"0,0";"0,0";"0,0";"0,0";"0,0";"0,0";"0,0";"0,0";"0,0";"0,0";"0,0";"0,0";"0,0";"2,39818506"
"Agente Privado";"SUMITOMO BM ";"0,0";"0,0";"0,0";"48,10706711";"34,64377542";"32,06211385";"66,98734144";"40,0";"0,0";"0,0";"0,0";"0,0";"0,064665";"48,4005";"0,0";"0,0";"0,0";"0,0";"25,49055243";"0,0";"0,0";"0,0";"0,0";"0,0";"0,0";"0,0"
"Agente Privado";"TECOB       ";"0,0";"0,0";"0,0";"0,0";"0,0";"0,0";"0,0";"0,0";"0,0";"0,0";"0,0";"0,0";"0,0";"0,0";"0,0";"0,0";"0,0";"1,12524087";"0,0";"1,15327341";"0,0";"0,53318403";"0,0";"0,0";"0,0";"0,0"
"Agente Privado";"TRIBANCO BM ";"134,644394";"14,68615642";"73,64170764";"77,78061353";"59,37484799";"83,60768846";"29,87653925";"32,38415413";"26,20138954";"31,83296878";"36,03756183";"0,0";"0,0";"0,0";"0,0";"0,851605";"1,48336972";"1,30440972";"2,27140734";"1,88036303";"0,49377";"0,0";"0,0";"0,0";"0,0";"0,0"
"Agente Privado";"UBS BM      ";"0,0";"0,0";"0,0";"0,0";"0,0";"0,0";"0,0";"0,0";"0,0";"0,0";"0,0";"0,0";"0,0";"0,0";"0,0";"0,0";"0,0";"0,0";"0,0";"0,0";"0,0";"2,12372928";"0,0";"0,0";"0,0";"0,0"
"Agente Privado";"UNICARD BM  ";"0,0";"0,0";"0,0";"0,0";"0,0";"0,0";"0,0";"0,0";"0,0";"0,0";"0,0";"0,0";"0,0";"0,0";"0,0";"0,0";"0,0";"0,41207017";"2,60452136";"17,45177738";"190,6795935";"352,65565103";"127,85213185";"117,73424225";"113,50315759";"152,96895832"
"Agente Privado";"UNICO BM    ";"0,0";"0,0";"0,0";"0,0";"0,0";"0,0";"0,0";"0,0";"0,0";"0,0";"0,0";"0,0";"0,0";"0,0";"0,0";"0,0";"2,247313";"36,77712649";"139,42041344";"110,8096588";"40,31835469";"24,04348232";"26,84795784";"17,16822246";"28,12923501";"10,71753064"
"Agente Privado";"UNIPRIME CCM";"0,0";"0,0";"0,0";"0,0";"0,0";"0,0";"0,634";"17,8262";"16,054192";"5,459";"0,0";"0,0";"0,0";"0,0";"0,0";"0,0";"0,0";"0,0";"0,0";"0,0";"0,0";"0,0";"0,0";"0,0";"0,0";"0,0"
"Agente Privado";"VEGA BM     ";"0,0";"0,0";"0,0";"0,0";"0,0";"0,0";"0,0";"0,0";"0,0";"0,0";"0,0";"0,0";"0,0";"0,0";"0,0";"0,0";"0,0";"0,0";"0,0";"0,0";"0,0";"0,0";"0,0";"0,0";"0,27951";"0,0"
"Agente Privado";"VOLKS BM    ";"75,62790258";"513,31729059";"1163,29489875";"960,876472929998";"1047,97562617";"1625,65628032999";"4322,57331605999";"3709,03628979";"3298,52215720002";"4206,67437617999";"3720,51611618";"2882,580978";"2298,60003123";"1267,03492911";"853,73310743";"819,20140245";"641,392168570001";"765,414810780001";"247,00208567";"104,67714184";"57,2929421";"23,47847395";"0,0";"0,0";"0,0";"0,0"
"Agente Privado";"VOLVO BM    ";"1147,12341263";"549,98121729";"929,886052389999";"656,06783817";"846,511493809999";"1211,33649563";"2639,97871329";"1968,61302636";"1813,2688545";"1587,7795604";"1220,24431184";"386,81584416";"508,84441054";"423,04895728";"349,44872807";"338,65972675";"293,23753165";"252,77784907";"149,17299865";"114,52872438";"43,00772589";"32,27332045";"14,47902706";"1,35909218";"10,75184591";"17,93030998"
"Agente Privado";"VOTORAN BM  ";"64,79729525";"211,49262593";"244,25524703";"295,28041289";"568,57505015";"1189,70320223";"755,79185052";"1560,91740165";"1562,17759476";"2431,49353579";"4025,58532257999";"2754,93416072";"2301,2661602";"1844,93129483";"1490,51027593";"1325,10162202";"656,70821136";"268,56494089";"192,04906278";"98,90875445";"145,71752516";"133,08852714";"57,44616628";"0,0";"0,0";"0,0"
"Agente Privado";"ZOGBI BM    ";"0,0";"0,0";"0,0";"0,0";"0,0";"0,0";"0,0";"0,0";"0,0";"0,0";"0,0";"0,0";"0,0";"0,0";"0,0";"0,0";"0,0";"0,27432";"6,04755554";"3,4672";"0,048";"1,1883";"0,15857394";"0,78709159";"6,99440034";"1,19187599"
