"ano";"mes";"agropecuaria_industria";"comercio_e_servicos_industria";"alimento_e_bebida_industria";"celulose_e_papel_industria";"extrativa_industria";"material_de_transporte_industria";"mecanica_industria";"metalurgia_e_produtos_industria";"outras_industria";"quimica_e_petroquimica_industria";"textil_e_vestuario_industria";"atv_aux_transportes_infraestrutura";"construcao_infraestrutura";"energia_eletrica_infraestrutura";"outros_infraestrutura";"outros_transportes_infraestrutura";"serv_utilidade_publica_infraestrutura";"telecomunicacoes_infraestrutura";"transporte_ferroviario_infraestrutura";"transporte_rodoviario_infraestrutura"
1995;1;"49,4775568700003";"17,23198396";"35,4468147999999";"30,4019921";"2,56718113";"12,63945099";"20,48646055";"17,79019017";"40,62409386";"7,38026584000001";"9,83815691000001";"0,59708577";"0,12269072";"5,7507713";"0,0";"125,95241091";"2,58223537";"4,48556799";"0,0";"46,08762463"
1995;2;"35,8757577499997";"24,88781601";"35,57082004";"38,77068553";"2,00717686";"13,22303627";"20,05351073";"20,62692531";"22,83005893";"46,79960251";"33,39104702";"5,68227237";"0,0";"0,23918405";"0,0";"14,20390411";"0,68409553";"1,5205451";"0,0";"31,8812541199999"
1995;3;"96,8652968799989";"34,1852145199999";"69,1050001300001";"66,16069569";"3,95744746";"30,82909477";"26,52138708";"45,06743584";"45,1476748800001";"12,64812508";"20,51388371";"9,85874395";"6,16552539";"2,06579973";"0,0";"13,68929566";"1,16098594";"4,50302829";"0,0";"57,0176426000001"
1995;4;"72,95584925";"38,34067855";"40,04914675";"52,14928776";"14,69619132";"13,57159333";"28,4747275";"31,48354649";"35,4241130499999";"10,39810668";"14,28612017";"4,56668654";"0,0";"15,65694001";"0,0";"4,72968432";"2,11581985";"0,13073457";"1,41148644";"48,33195795"
1995;5;"96,6091754299985";"46,4436083100001";"96,7421767299997";"16,02370149";"4,45252186";"33,17307361";"45,47234107";"27,9794262999999";"53,8949569900001";"49,1333874100001";"61,77111666";"3,80846048";"0,42952699";"56,17312184";"0,0";"4,49842249";"0,61055632";"4,93614296";"0,0";"68,3543713100002"
1995;6;"59,3213879500003";"49,7872622400001";"83,43663745";"14,13088301";"8,20286071";"28,1065889";"31,66492727";"23,9078088099999";"56,4267383000001";"71,13892555";"18,00552266";"7,08574555";"0,0";"8,80660528";"0,0";"18,69686558";"0,66223096";"0,0";"0,0";"72,3646492800001"
1995;7;"46,03169648";"52,0934723900001";"91,2384942099998";"7,22591886";"2,9990017";"20,19638377";"35,2572311799999";"26,15621602";"73,7164652300001";"17,90855632";"18,58171272";"1,63962014";"0,53901836";"1,85200925";"0,0";"7,23823315";"5,52046627";"0,110194";"0,0";"81,99208457"
1995;8;"51,84116601";"41,03472879";"82,0311546399999";"6,11758263";"2,71758831";"32,81723642";"43,5541927100001";"34,18763765";"54,4432807400001";"23,47666221";"19,08518231";"5,09808164";"0,68746543";"4,43192522";"0,00652265";"3,04579883";"2,69511195";"0,04775283";"1,28619515";"75,6537108599998"
1995;9;"50,3845904100001";"40,52686239";"54,5236494100001";"18,36465139";"2,01305076";"18,79591149";"33,3791084";"45,2349177";"74,9373137400001";"21,9021356";"23,33816358";"1,14486049";"0,84760902";"64,56272474";"0,0";"12,94399978";"1,32801151";"5,00544309";"0,0";"62,6199735700001"
1995;10;"51,6094487000001";"69,96916281";"159,78394859";"12,42691609";"7,09269908";"49,19189313";"53,34538289";"31,8842726399999";"49,84209432";"23,26636915";"25,29476878";"12,7123597";"0,47159376";"45,55169084";"0,0";"1,16944662";"1,19342286";"9,62399047";"0,0";"58,7734761900001"
1995;11;"55,8495436400003";"71,15834103";"94,8089536";"31,89967142";"2,64583809";"34,97952679";"38,84716737";"54,0453571900001";"84,4709732599999";"51,32185696";"43,54985982";"0,5588987";"0,47546334";"4,26524064";"0,0";"11,9574123";"0,42901658";"4,02352533";"0,0";"61,5379420100001"
1995;12;"64,3487051600004";"46,98589658";"132,67707474";"40,54786597";"18,30042658";"46,78045608";"120,88394116";"83,62151423";"81,4867811899998";"86,8484197399999";"23,18255741";"5,21313794";"4,03025525";"438,76535932";"0,0";"56,89363912";"0,83963402";"0,0556466";"0,27013704";"55,5058747400001"
1996;1;"43,1002826599998";"43,63894206";"51,17694475";"5,51492017";"10,09955783";"29,27740434";"27,67301276";"14,49760321";"35,59571384";"24,93267459";"6,90174791";"6,60266162";"10,96130174";"2,74244101";"0,0";"103,87791462";"0,50076044";"150,00237951";"0,0";"27,7471593699999"
1996;2;"33,5525372899998";"41,68542982";"49,58697686";"43,2848309";"2,7146771";"84,21275952";"50,62009144";"17,38116926";"64,62771613";"46,0960404300001";"29,86973166";"3,18611635";"0,48990299";"190,23627404";"0,0";"27,13905607";"1,40230955";"0,05584249";"0,0";"29,9381681399999"
1996;3;"88,6890849099996";"75,85094482";"115,25690704";"47,26791441";"7,98880023";"23,64947739";"42,45585005";"93,5613468799999";"69,34994254";"32,19977782";"10,08120181";"14,45691574";"1,75012458";"4,84890018";"0,0";"32,46986248";"1,62053294";"0,50812066";"0,0";"58,28319068"
1996;4;"45,44511026";"50,48854276";"86,37637162";"18,54479251";"53,93891426";"29,62353167";"32,41107591";"50,59774997";"38,43083987";"13,29180089";"8,68222991";"1,73900402";"0,0";"8,42222864";"0,0";"29,79241437";"0,30348755";"0,11039999";"0,0";"39,36029617"
1996;5;"48,7719034500001";"562,03862544";"121,29595103";"30,04243035";"5,69612118";"19,33786873";"23,81274856";"53,7508326";"50,57259485";"32,92810107";"26,92004749";"11,48602222";"8,43207623";"261,05256511";"0,0";"19,64069228";"0,22535506";"0,17473566";"0,0";"46,29523168"
1996;6;"99,1425745400001";"63,9785119";"66,06793866";"21,95613549";"7,64193871";"36,09704552";"48,76436963";"144,93023339";"45,54026386";"21,43092043";"4,68736156";"1,3424233";"0,29210408";"4,06663904";"0,0";"22,61836148";"1,67389234";"2,03095905";"0,0";"27,69078156"
1996;7;"91,9185056499997";"114,5083751";"47,90412695";"88,09353889";"18,6525687";"16,85722364";"31,47462867";"40,10841962";"58,12553265";"31,71799924";"6,86771876";"2,05849347";"5,60587256";"138,12895689";"0,03765139";"54,52898293";"0,43353482";"0,15126006";"0,0";"46,64528375"
1996;8;"71,9825497000001";"84,2055158699999";"69,9945074200001";"38,6318624";"1,72507054";"20,98304227";"27,89145282";"23,52962228";"64,4437271600001";"77,0340609799999";"6,75012851";"4,87179859";"4,21235283";"33,47706766";"0,0";"35,77641216";"1,37257399";"0,77250685";"0,0";"47,57790581"
1996;9;"59,5255316200002";"105,53249899";"64,3700375000001";"20,45603412";"15,34973818";"25,25147679";"71,33544751";"85,4673535899999";"65,0280975500001";"31,39442837";"7,04165385";"1,0884125";"50,89394513";"218,71413194";"0,06663415";"46,94810903";"0,75204386";"1,43554273";"0,0";"38,68905334"
1996;10;"42,6118711199999";"108,77773392";"44,51801925";"30,4290487";"5,38679367";"15,55273313";"27,98320769";"19,81698353";"52,31178505";"44,96874105";"9,12824408";"1,66209415";"32,4347588";"71,35230073";"0,0";"64,74698519";"2,72696308";"0,47638851";"0,0";"33,4404631999999"
1996;11;"53,2827467900002";"131,21115602";"42,76038544";"42,93303054";"14,098722";"10,46405896";"39,48953343";"53,99937671";"44,16761221";"48,28387518";"7,9164633";"1,58728483";"9,78451042";"160,01179457";"0,0";"38,53971849";"9,62690166";"0,04791989";"0,0";"29,93950446"
1996;12;"51,3608920400001";"195,945077";"100,10708567";"127,36799098";"3,2409041";"15,56376211";"70,91061316";"55,44489491";"106,56399766";"125,83762861";"28,13745799";"2,86236786";"21,57173928";"347,46049941";"0,0";"64,31089903";"145,24913988";"6,80581779";"0,0";"57,81669219"
1997;1;"33,2611657799999";"67,53118344";"109,31054744";"51,35175258";"16,06651935";"10,27411979";"65,61104771";"19,44902725";"39,29605591";"10,71620069";"9,22464496";"19,06223085";"0,66740328";"276,81848785";"0,0";"41,48126475";"0,72243297";"0,0";"0,0";"25,69537467"
1997;2;"60,3177739600001";"66,86576684";"35,93544122";"43,84808938";"10,2259802";"22,86668896";"43,19448252";"21,70231333";"29,39680982";"17,67148476";"12,46317722";"0,27692667";"5,60244318";"54,70514606";"0,0";"34,16281165";"2,83352212";"1,55187624";"0,3314502";"16,15968617"
1997;3;"79,34355293";"98,5530744999998";"26,47330242";"25,29169968";"5,80622499";"11,38928476";"38,822735";"38,04801006";"36,9632527899999";"23,82748231";"11,78397088";"2,38919183";"2,00771929";"262,30243219";"0,0";"14,12151735";"12,94155556";"0,90590859";"0,0";"20,62618237"
1997;4;"107,69138413";"114,09051036";"108,18937685";"34,72951453";"9,77238612";"8,4479142";"38,60127705";"75,53495786";"44,9084596";"17,59653262";"25,48153262";"19,59317101";"5,01195439";"132,33310385";"0,0";"73,23435817";"4,07743551";"0,43002605";"1,25082905";"33,4429130299999"
1997;5;"130,12590057";"106,66328259";"55,12518715";"14,71204918";"664,46845713";"39,06106473";"38,99806502";"75,41784026";"48,4640147800001";"14,01188965";"26,91911544";"10,76316092";"0,2146911";"21,70441033";"0,0";"72,7328254";"9,89544186";"24,07276901";"0,0";"35,47888976"
1997;6;"178,93776048";"138,66448505";"71,2100821700001";"36,21496459";"15,33220224";"77,88635784";"53,27690703";"125,63673059";"64,7085564100001";"16,93651163";"7,81717291";"10,31574922";"3,16269539";"700,05906235";"0,0";"51,79391276";"3,77442205";"94,14136944";"0,2232321";"36,4581571899999"
1997;7;"136,36944163";"98,55077105";"325,654056350001";"27,26471241";"5,21048146";"37,73776431";"49,09156348";"274,90175568";"51,03885057";"132,70067833";"12,69689149";"15,27725854";"0,22804094";"83,21000472";"0,0";"65,2924744";"11,0184373";"12,1068895";"1,3644576";"37,0344766"
1997;8;"43,8495049000001";"92,5137941999999";"57,6875357000001";"75,53971675";"3,16235082";"123,13162206";"44,01008753";"45,5236368600001";"56,0939948700001";"32,13272964";"75,00306388";"4,02281663";"6,92818112";"582,58945848";"0,0";"57,97947203";"5,33078121";"45,81708265";"2,6519016";"34,0236818399999"
1997;9;"223,56249734";"206,3777347";"77,3310836399999";"62,09675787";"6,47723171";"44,42751437";"57,33391988";"116,90563534";"99,9714061699998";"26,23030072";"49,28424392";"31,05841474";"20,93044596";"1018,37044766";"0,0";"64,25599398";"14,39215738";"2,25944736";"0,0";"42,98272361"
1997;10;"125,602336139999";"151,48550152";"88,27414241";"64,5070098";"3,07938889";"119,93112586";"29,88637906";"46,84121023";"255,99410217";"32,714648";"30,33302313";"71,52887981";"7,24249358";"255,78291774";"0,0";"110,54114047";"19,98718021";"2,47400921";"103,473627";"84,6836297499999"
1997;11;"129,63645153";"278,16157385";"177,40256467";"44,4216309";"2,74944844";"90,59080576";"74,2455975";"71,6388678700001";"96,86156787";"18,1261222";"42,35849923";"54,74280718";"25,54211501";"1230,26130679";"0,0";"112,41413176";"8,18799824";"6,93463285";"0,6530065";"71,8149761600001"
1997;12;"142,16033517";"238,16781515";"215,99280788";"55,93454716";"9,68590801";"196,51149638";"51,38443547";"169,37862738";"124,83382845";"48,503021";"47,79030338";"30,12136368";"16,20053557";"1117,7860406";"0,0";"94,46784405";"12,2589136";"216,35624468";"3,7558695";"114,63005449"
1998;1;"58,8645971700001";"100,83492172";"55,44170432";"19,21666937";"2,89242994";"115,0886068";"64,20213858";"93,38396792";"57,5044028800001";"61,70004557";"13,66718141";"18,90314063";"22,06775394";"197,30517764";"0,3";"50,45069686";"7,91798692";"0,1004";"2,20413154";"69,10567749"
1998;2;"143,90736601";"151,51372204";"74,83236252";"55,39188381";"1,89602436";"88,21330206";"62,78129226";"98,96786436";"53,70440204";"22,91551548";"23,2100998";"25,11099891";"7,15259061";"318,61194702";"0,20076168";"114,42033271";"2,16636118";"5,81557409";"41,0062507";"64,3216757400001"
1998;3;"139,42573164";"131,57614776";"90,44261837";"92,56011899";"2,97026085";"151,22480793";"74,18931595";"111,97755875";"67,7032335";"40,5044838500001";"30,96214513";"13,97787574";"17,5481916";"4,37957262";"0,0";"102,42729874";"2,76704409";"74,78829916";"0,55907997";"97,3968620899997"
1998;4;"72,9176972900001";"111,52129304";"72,70084263";"55,97989707";"10,01322545";"82,24632006";"64,75368117";"58,6305531100001";"57,4369549100001";"37,75225264";"24,61388379";"8,0843408";"20,54677134";"1277,9930253";"0,0";"117,96730125";"17,5500034";"34,92329952";"1,53610675";"91,2729847399997"
1998;5;"74,5248021900001";"143,33091574";"60,6016772900001";"14,81073608";"1,79217792";"152,16035103";"150,9396381";"17,44730997";"57,9642525000001";"87,59105016";"12,10979866";"13,57588972";"10,87494793";"52,67477565";"0,061026";"67,68092061";"7,62317541";"74,00931426";"37,5049907";"83,8154405299998"
1998;6;"73,34761866";"217,39891552";"129,37715969";"16,04352798";"2,97567889";"147,98978721";"161,17265716";"42,52683771";"65,70710968";"16,98912881";"30,49990061";"17,01943517";"15,0520478";"529,44105485";"0,021822";"279,96116212";"9,3411288";"25,53328564";"59,152312";"88,31963712"
1998;7;"109,05690794";"234,6995858";"85,86447905";"18,32871379";"8,66417538";"200,44454046";"87,21294268";"27,66287898";"56,49541917";"43,22373442";"25,04148058";"18,2512473";"52,36013068";"465,05257359";"0,013279";"150,20485466";"9,30059458";"42,38201387";"3,52323799";"109,5525943"
1998;8;"67,89900278";"258,71337508";"144,27773593";"9,61063673";"4,79458666";"347,80163809";"76,13156205";"75,22238718";"76,28093982";"107,27914555";"22,53472022";"1,03216554";"16,37893037";"99,2926288";"0,0";"129,02596207";"5,42396058";"485,44445666";"2,221043";"111,93689168"
1998;9;"165,03243551";"174,74487922";"115,05584792";"47,95806277";"3,01878155";"156,08730614";"76,86922191";"199,72992657";"43,19867861";"24,58658277";"167,413839";"3,29485071";"35,69721945";"439,89032457";"0,0";"123,64879565";"13,06977041";"28,27808798";"55,60029201";"87,74829568"
1998;10;"106,45352728";"276,18259161";"78,58272929";"19,82520168";"3,79375294";"124,99715473";"51,84683085";"27,93742273";"42,41888136";"62,28909077";"27,38929693";"4,62945523";"28,89083667";"81,08553765";"0,007721";"158,96789489";"7,18121634";"2,370625";"24,99999999";"163,83802413"
1998;11;"192,06173733";"188,43219924";"138,33154824";"13,0490169";"1,5600766";"310,72836124";"80,22004813";"60,21815316";"74,80432479";"49,25668775";"25,75952855";"4,65840628";"24,91432328";"107,59535528";"0,0";"127,23049863";"11,15973749";"8,621237";"2,272224";"63,12464234"
1998;12;"145,09061305";"273,72925258";"129,5964057";"37,46310619";"237,81503457";"124,13121811";"58,69504755";"50,51452885";"87,91762296";"24,7752053";"26,10196406";"10,23813845";"30,24272297";"100,00432461";"0,0";"89,09436698";"9,77759116";"110,78785728";"8,30531141";"27,27946898"
1999;1;"88,8766920199998";"103,26721633";"133,01898074";"10,44674154";"62,67855734";"119,41875352";"31,285786";"44,01916726";"36,80927728";"30,9329707";"18,34667488";"2,02633874";"28,31996765";"63,18764063";"0,0";"22,89612365";"12,84484347";"0,799397";"0,0";"22,91488445"
1999;2;"70,93684603";"123,77639751";"96,23566748";"11,69869605";"0,8062934";"365,91144839";"60,05632386";"35,07555036";"25,68935487";"22,79275755";"66,4872787";"4,90093587";"14,97891695";"5,6604893";"0,25060835";"76,81903508";"3,15204249";"41,48937229";"0,0";"18,75690585"
1999;3;"137,05060179";"269,95086993";"49,64894013";"31,99428996";"1,28751864";"154,38432517";"120,27249535";"114,2097529";"29,31835858";"104,08239578";"78,4746931";"38,48900199";"13,68671535";"285,64372174";"0,0";"74,99978012";"5,7132327";"91,75195026";"0,0";"24,6019231"
1999;4;"92,11153822";"81,28614185";"84,58163785";"15,34406152";"1,26737623";"259,02182276";"39,04296191";"67,71199639";"27,22520007";"30,51399512";"50,94725978";"1,7102102";"39,27390066";"84,33158815";"0,0";"21,26228057";"4,89576093";"67,00278182";"41,24783011";"24,78451529"
1999;5;"107,40352402";"136,34264897";"106,42608979";"34,4495883";"1,29034803";"176,49316582";"63,09863429";"72,95461949";"41,80583766";"43,8831553";"13,05148211";"3,20570898";"35,34268215";"118,64813318";"0,0";"34,69901014";"8,27420046";"1,49821542";"4,79070093";"24,68727887"
1999;6;"103,17272269";"99,20770184";"110,52988579";"90,86407227";"9,07588148";"441,53450026";"98,48271717";"92,31861239";"50,17867282";"33,02316949";"19,82411101";"17,62343953";"12,80026754";"212,46857269";"0,0";"9,86174272";"13,54576191";"185,88227656";"3,0034915";"34,96498579"
1999;7;"131,46993848";"147,82662459";"138,61912451";"12,24562052";"35,99807555";"219,68894756";"52,55627373";"35,68304195";"52,52913052";"31,58673603";"14,91763779";"0,38288957";"10,87616992";"78,552347";"0,0";"61,57739621";"4,431658";"0,24410833";"2,89999989";"46,83344984"
1999;8;"118,96614308";"149,8863731";"38,35859934";"15,73572727";"37,57088366";"300,86246447";"38,95989272";"171,55017678";"45,4090097";"37,69765308";"36,02412098";"21,89093493";"28,60211006";"77,85359714";"0,0";"24,34944288";"6,14252367";"272,84350729";"7,22874049";"76,33023478"
1999;9;"93,31871934";"239,95237191";"73,28840541";"8,38538546";"26,42584949";"200,53317954";"78,13233761";"121,1227156";"50,68836466";"36,13623962";"13,29868652";"5,41497126";"3,16757091";"96,12725288";"0,0";"28,23554912";"5,65902824";"88,07025924";"2,8863045";"70,75322499"
1999;10;"99,1033142999999";"283,86032431";"132,82425338";"7,30152568";"1,94141683";"274,92488544";"36,86004446";"170,71428333";"40,61056001";"34,09892153";"50,78125263";"27,5879425";"82,01868253";"66,26602227";"0,0";"58,02669682";"10,58078594";"108,54710136";"48,97052474";"71,5217358600001"
1999;11;"108,38038139";"279,82774972";"195,12542195";"19,75514856";"1,49044578";"216,82754248";"43,44736001";"104,64691044";"28,8119936";"16,57277095";"6,65551763";"29,37591004";"18,82595026";"460,54366092";"0,0";"24,56085842";"8,07682418";"240,0586109";"55,85734357";"61,98595589"
1999;12;"135,81675403";"249,76778071";"337,24016032";"36,01761524";"78,63791766";"216,52978366";"112,57059002";"119,24459759";"64,48832455";"75,2189534";"117,02053198";"24,53759336";"17,04138663";"263,69558813";"0,0";"24,25067149";"1,14027527";"1516,85157377";"13,12516804";"90,7782322"
2000;1;"103,87872445";"136,64963371";"72,55269848";"28,0508196";"2,12780043";"112,15772965";"49,31256655";"38,0281179";"44,64382792";"21,3217728";"14,22391493";"8,47852775";"4,42452218";"29,65085662";"0,0";"10,12228039";"6,44946986";"189,66975636";"3,85131506";"40,60355347"
2000;2;"88,6769382400001";"194,28903055";"98,7908168400001";"7,7980343";"1,96834403";"307,94866449";"54,0393965";"57,09088122";"31,16080769";"13,18406144";"35,48290218";"8,75558866";"11,24313056";"19,16061204";"0,0";"10,71233071";"55,32118748";"0,129738";"0,0";"49,63585602"
2000;3;"100,80244477";"135,12825069";"135,18734355";"5,1472965";"4,31517359";"297,51674176";"51,29966947";"377,09488951";"29,46473609";"18,81397047";"17,41992748";"14,85434808";"4,31427176";"140,5733199";"0,0";"27,46642657";"15,65740228";"32,41194772";"2,108524";"69,95642105"
2000;4;"113,03884682";"145,29208865";"56,01500386";"10,81551486";"2,56344337";"89,6061738400001";"27,97311946";"129,91521522";"35,44386428";"23,56555247";"13,13324329";"1,82876409";"5,58329834";"93,86709054";"0,0";"4,62256198";"21,81103284";"3,91653127";"16,203522";"68,14919589"
2000;5;"161,86720076";"186,78706263";"66,55510953";"10,2435821";"1,66400413";"143,49528599";"51,19335811";"112,83679191";"61,43027171";"49,64125941";"49,29100778";"2,45416958";"31,0168742";"44,41688132";"0,0";"9,61028342";"2,18950175";"0,1090139";"25,43025538";"69,31219587"
2000;6;"175,98305898";"162,1625992";"68,65797337";"7,43862856";"3,94862638";"238,90793985";"53,10237707";"229,05958448";"63,94957065";"31,32374422";"17,89773426";"44,35862775";"50,11351451";"26,77240099";"1,864384";"8,73059149";"21,37046083";"0,27382994";"0,0";"97,63856764"
2000;7;"182,301862669999";"169,61624343";"57,11307895";"44,54878166";"2,59902231";"242,76368221";"77,14716658";"126,33707846";"48,06395334";"26,57325177";"52,57576317";"11,95341478";"45,89062096";"167,47984603";"0,0";"14,25773544";"92,62901996";"1361,20026216";"11,0232";"106,65467069"
2000;8;"190,99436083";"233,65479345";"96,47246247";"18,87564668";"36,50796023";"116,91106105";"178,57267205";"113,38906918";"62,78162807";"24,46761981";"23,78288086";"134,5604662";"14,71609283";"18,50207994";"1,12788";"8,54297976";"7,0123631";"0,16720104";"4,1736";"109,27188465"
2000;9;"187,82035734";"166,32356258";"67,03704245";"24,209455";"2,46414931";"185,59669199";"36,90603113";"204,13727877";"69,03854832";"25,03885236";"12,50754176";"37,76068352";"37,63178918";"141,84347074";"0,0";"7,39467038";"4,86135534";"4,70739722";"0,0";"71,83869842"
2000;10;"196,60801646";"182,51888705";"131,91845095";"17,27887589";"37,41233069";"1262,75832979";"69,59796163";"214,6582308";"131,44423225";"31,17345839";"45,21761536";"8,98468623";"11,49142408";"205,80532821";"0,0";"42,07414086";"8,15422777";"2,28115178";"0,0";"85,63029624"
2000;11;"94,39870234";"342,08280749";"73,279628";"98,46400003";"6,60904763";"915,89491618";"227,58060476";"117,28751357";"84,85684655";"46,78784923";"22,54199731";"29,13158485";"10,31568856";"191,90991231";"0,88632";"26,4359118";"38,96683736";"1632,55224549";"12,99999998";"82,36063139"
2000;12;"311,609875669999";"221,5486438";"289,92408761";"49,07649204";"18,67126429";"340,18868377";"195,26291384";"92,7737301";"93,77823822";"106,79038275";"114,67142152";"61,34204938";"196,64502332";"257,14297312";"0,075936";"29,7845436";"15,27093717";"1501,95346038";"90,66469897";"108,41197971"
2001;1;"188,18903194";"130,52105654";"102,61471813";"304,00632731";"4,24903884";"387,56245692";"49,837482";"28,63332671";"45,12934224";"13,41262672";"14,0811251";"16,37679483";"6,87383665";"41,60182826";"0,0";"10,71719993";"1,61430379";"18,52383484";"0,0";"74,96981546"
2001;2;"132,6288222";"110,65697577";"96,66299759";"21,86115876";"8,81070747";"351,19364087";"115,93830088";"44,83890299";"81,31366718";"43,53299092";"56,17896459";"2,78592459";"4,25552152";"23,35419241";"0,0";"5,73657393";"12,00537765";"0,0";"0,0";"75,95205593"
2001;3;"197,92569052";"183,34678306";"271,41941399";"7,35596899";"5,39278373";"466,37052685";"188,66990085";"892,53790353";"88,75362669";"45,2037864";"32,43056781";"23,99600924";"111,58339959";"30,12740067";"1,18687918";"10,38052477";"19,93958946";"25,21078278";"13,997456";"80,96493087"
2001;4;"177,0858956";"132,14254025";"108,65355663";"18,89162367";"1,65880225";"350,04562279";"103,26124928";"33,26617044";"62,29144345";"52,75066601";"20,35517318";"9,45990081";"5,37271379";"48,51910177";"0,0";"53,95626669";"6,32067301";"5,79805399";"7,6349755";"78,6329116400001"
2001;5;"198,71574889";"133,62002582";"168,88708703";"47,08246839";"3,10682838";"398,09287399";"116,29667146";"85,37766531";"90,38794756";"31,50933535";"17,91816787";"37,35906318";"42,80420983";"23,32080879";"0,71956865";"3,55420981";"48,94480646";"11,71459166";"44,32733166";"88,99359876"
2001;6;"263,93367309";"133,88366457";"126,98813378";"141,56025238";"2,79785715";"366,05213938";"90,19358498";"34,98081641";"87,13409691";"24,35701237";"27,69104172";"139,9457816";"9,41935865";"80,9893741";"0,64222017";"70,39033208";"14,71757567";"584,40094142";"0,0";"125,82133488"
2001;7;"280,562140459999";"143,78622931";"174,79149651";"92,16381493";"22,42021245";"104,85734408";"62,11614203";"88,96996215";"63,19364391";"45,35382846";"10,96206745";"14,90968365";"1,27963731";"13,83013727";"0,0";"1,92189475";"6,93287455";"23,070285";"12,99999998";"116,52906487"
2001;8;"201,93296391";"238,0852345";"348,42263124";"156,91995517";"6,10919632";"432,38045514";"94,0939945100001";"66,54528041";"55,6579883";"165,54430401";"17,82590184";"28,90208298";"9,0375094";"25,76153639";"0,0";"18,90848665";"11,79355785";"1394,53017524";"25,00224993";"99,88088053"
2001;9;"264,608191710001";"219,03155321";"147,09181425";"21,0967756";"5,46928976";"267,19574655";"65,66968109";"86,49793268";"61,07013714";"55,42936413";"9,60948157";"72,14563262";"9,5850325";"62,22438305";"0,0";"40,85834099";"26,55462703";"124,23332605";"53,97139257";"115,78019736"
2001;10;"262,71131717";"188,04987893";"224,89466744";"84,33729103";"15,45953871";"507,64697038";"121,12779028";"128,18818822";"63,62776525";"57,10816532";"69,66056511";"40,52128652";"16,88891995";"193,22140484";"0,0";"21,21945177";"124,49804665";"54,51664853";"7,27139455";"135,80805508"
2001;11;"285,66884089";"193,28491083";"177,17306396";"108,58621244";"4,39168003";"436,31993271";"64,95918356";"178,37726731";"69,14220019";"123,38781498";"47,55272952";"14,63524206";"9,16101163";"156,37879321";"0,0";"30,91130556";"9,0611304";"612,32071743";"0,0";"103,15589341"
2001;12;"308,019691900001";"355,15586328";"121,76545929";"135,83986203";"316,40891427";"542,29182614";"78,89681533";"158,86201751";"63,45439615";"107,80939508";"18,82199187";"34,87292";"123,41901135";"430,77762602";"0,0";"46,46239713";"97,34351674";"257,5258592";"2,00999999";"171,30990704"
2002;1;"248,89504358";"162,76083033";"245,61445131";"5,27167227";"20,39300077";"494,35841072";"108,81970919";"23,01434838";"40,44481033";"81,21181353";"24,98911527";"44,89757706";"24,47767601";"77,81350285";"0,0";"1,83949898";"2,78534538";"50,17741318";"44,93602524";"99,71460383"
2002;2;"252,47747317";"144,89590886";"78,15481727";"36,30503879";"1,4700185";"402,84736279";"39,13683868";"101,42010401";"33,79090545";"48,15399963";"27,54938068";"53,07317406";"33,10193399";"1212,61046046";"0,0";"8,51857781";"6,95017478";"11,52282835";"0,0";"66,89890015"
2002;3;"320,20549677";"163,68807284";"123,36769149";"39,63224321";"33,13069708";"221,43260973";"54,36365217";"29,29184084";"70,71371455";"39,49635493";"30,13573284";"9,25542175";"48,64594464";"354,6951366";"0,0";"26,51174522";"3,02180373";"0,94328744";"19,01040216";"119,00353515"
2002;4;"249,66599211";"251,0398295";"61,51322451";"62,94764952";"8,39426136";"391,54674421";"93,53180975";"52,07709839";"55,97277373";"62,82411217";"20,83595438";"11,80129393";"9,79965112";"181,53805207";"0,04785504";"8,88125002";"7,33253178";"18,11620558";"3,55599999";"98,01514185"
2002;5;"295,59729";"234,5589767";"221,26177311";"319,85493111";"5,86601801";"837,86709695";"111,98764179";"61,39419788";"74,9907999";"52,97335988";"16,38750124";"36,0651173";"22,10639734";"190,64068045";"0,0";"21,73158837";"19,42882825";"0,75578466";"2,66259999";"126,45582707"
2002;6;"293,26024029";"210,2240367";"112,25306856";"53,47673667";"12,74977272";"1520,77750143";"139,84909049";"124,49953825";"42,92821403";"137,88152405";"15,74642294";"16,49703297";"15,15028881";"14,16899319";"0,0";"11,88837227";"16,30825148";"20,70682765";"0,0";"94,6102064399999"
2002;7;"439,23330455";"244,52685641";"104,99562327";"24,34158041";"15,64278914";"992,09178493";"67,68183994";"46,74755206";"60,25368818";"61,55361889";"33,15726181";"13,77316022";"46,91083843";"523,53897612";"0,0";"45,43547792";"5,26315764";"35,14726858";"25,30358672";"93,05225696"
2002;8;"360,49665639";"380,42576551";"119,42309061";"50,15330951";"5,36103537";"896,73123055";"201,69786626";"158,9462215";"102,46694679";"80,61725453";"22,08780054";"5,68510638";"22,7241882";"1975,04949939";"0,0";"15,58258626";"21,7141806";"199,93071713";"25,43491043";"173,92930076"
2002;9;"382,58393636";"223,7705238";"300,56013922";"82,5820414";"99,01979477";"555,54928505";"121,17538603";"176,2843231";"121,27420951";"181,77261104";"38,30747992";"29,11408801";"3,13660702";"1123,18006644";"0,0";"96,69130397";"6,18806919";"0,25635937";"47,98028688";"122,60635658"
2002;10;"591,757737139999";"323,01612546";"346,29771232";"80,12184039";"6,36518548";"770,44127793";"201,53228779";"361,68630167";"213,97164797";"247,05532773";"49,39199865";"24,24712376";"47,37967054";"756,83147403";"0,0";"22,24061473";"89,16259966";"0,42604334";"39,15650568";"198,56946018"
2002;11;"126,80187989";"218,00584145";"237,76233447";"275,26531766";"10,92935841";"403,45276854";"218,83878978";"105,69168312";"141,75095244";"111,56824001";"12,80750746";"17,46084656";"13,25350493";"1092,44161184";"0,148379";"80,87873913";"49,98549668";"0,0";"32,72466587";"172,08509631"
2002;12;"947,956564839999";"279,43098602";"376,49011445";"242,68150394";"30,97665175";"558,7013868";"126,20091477";"110,90741218";"181,72021182";"69,69181224";"67,64082306";"19,04371402";"5,58077293";"1202,5920695";"0,06975";"70,61205659";"121,52965849";"315,62955447";"147,10474839";"221,227962"
2003;1;"154,31825089";"179,42483964";"104,79250176";"101,83807015";"14,03937762";"513,7240638";"20,45100345";"228,67451521";"105,65800083";"62,50292503";"97,16829399";"4,83465706";"6,14499999";"66,75126289";"0,0";"1,57699997";"4,73816515";"7,5748";"3,04424066";"126,06969943"
2003;2;"155,80224947";"288,55417633";"146,87448661";"9,57177601";"4,12416792";"177,08349839";"20,71863066";"62,80610082";"96,3327271700001";"52,28940417";"42,55694083";"8,23392734";"15,7976471";"757,18126409";"0,0";"23,36104377";"19,26976696";"0,0";"0,0";"159,91394795"
2003;3;"250,57484881";"194,40203111";"55,50756223";"9,75632862";"19,84699248";"323,71253861";"26,96239144";"56,29761988";"79,56146685";"101,07805409";"14,54349525";"5,00625174";"1,564454";"280,59051129";"0,0";"7,4452291";"21,23758453";"4,37886744";"59,59974756";"152,45371416"
2003;4;"252,57716223";"173,51584651";"110,08779908";"9,66379982";"5,94031158";"198,8183519";"22,09407663";"90,26589149";"115,60026011";"76,51222497";"14,95052784";"12,60374264";"17,38228176";"130,12826102";"0,04028";"13,31052754";"7,07170738";"4,81939203";"7,50436915";"173,54758292"
2003;5;"313,3601465";"231,50058783";"177,37269672";"46,75824025";"7,6754127";"175,18028608";"41,47378516";"106,40974852";"75,44538541";"76,96298823";"10,27376676";"4,0313494";"11,0090912";"149,2704497";"0,0";"24,58201985";"41,58039448";"11,87479982";"38,12401369";"264,94503343"
2003;6;"455,524981219999";"354,38731712";"142,01109989";"3,85524698";"10,05489502";"1502,54828686";"36,50884035";"74,39382097";"69,52762826";"71,53210097";"23,40954655";"84,62189695";"17,57063695";"281,82196189";"0,0";"7,15876726";"75,68782141";"1,8053836";"0,0";"247,30507082"
2003;7;"684,354031470002";"269,04593053";"99,0507367";"13,55830366";"12,29523486";"134,66434466";"29,31149897";"147,14728155";"118,44919302";"33,64093532";"16,0637713";"3,35153921";"15,02075869";"1268,90229764";"0,078307";"87,78240025";"45,08377465";"0,0";"6,61368826";"188,17993645"
2003;8;"344,32801968";"242,10211968";"65,75513101";"5,39221104";"8,51501153";"128,49353904";"103,32798005";"27,59335082";"83,7694917199999";"102,77215567";"11,74504626";"20,13349937";"13,17940195";"107,04274822";"0,0";"58,05492558";"1,71942376";"2,14847341";"8,18434611";"253,24767584"
2003;9;"410,01132604";"308,60499058";"72,7701579900001";"130,70535503";"5,95266248";"157,34638295";"53,66215891";"70,67163644";"92,0735419900001";"57,81906547";"35,414482";"29,98205897";"46,73381321";"208,65633731";"0,0";"37,37354371";"36,21563885";"13,61336457";"0,0";"229,66244958"
2003;10;"617,04924808";"348,15962891";"195,3324708";"33,4850272";"4,63866747";"731,40307996";"99,07799954";"83,06555312";"180,78423155";"69,65564406";"27,88562666";"7,38445648";"7,52098733";"535,15423885";"0,048425";"45,98149869";"6,77019473";"2,707529";"5,4634292";"240,53163145"
2003;11;"506,643864740001";"277,17267248";"443,37688846";"47,2566846";"49,23105955";"3152,37165488";"111,93507993";"115,89447596";"155,09585051";"346,77875761";"97,32087511";"31,84995146";"23,18172687";"555,0607692";"0,0144";"147,62580228";"9,52255859";"0,720696";"13,68391502";"259,84042016"
2003;12;"450,48215241";"426,07263049";"368,55172386";"18,20204404";"15,00821967";"1214,17477283";"196,68494874";"193,81931252";"242,01930116";"161,23884603";"61,07123666";"24,30957098";"5,69556232";"686,31877178";"0,03184";"264,4569671";"43,24017971";"201,86771916";"16,29054594";"387,69926945"
2004;1;"599,64606016";"192,09392924";"147,09537521";"25,53341";"10,4253135";"585,68636558";"59,25436601";"138,27237628";"67,6320459";"75,21684658";"8,76719762";"9,55699938";"3,70860827";"132,42714422";"0,0";"0,349";"7,35547102";"0,27116262";"0,45624675";"173,74170735"
2004;2;"492,07759959";"536,69812642";"380,40188194";"40,68913414";"20,45900874";"433,44742402";"197,46808502";"97,4696490600001";"162,50775811";"97,18862382";"42,7175317";"8,48927793";"0,333822";"201,24160414";"0,0";"11,80270845";"5,83039607";"4,07842582";"11,79686521";"232,45175977"
2004;3;"478,27225357";"277,07230224";"221,97055779";"227,8793795";"6,45580911";"953,55531452";"161,12942183";"51,28297637";"54,20824209";"30,56019352";"42,54068448";"18,35415156";"0,84432737";"453,76049383";"0,0";"54,9691039";"20,96766363";"100,16280217";"0,0774272";"139,26323921"
2004;4;"527,32555397";"172,61213812";"153,70927411";"18,75178657";"42,08473363";"651,97618332";"146,41445265";"107,9142355";"42,52830313";"40,24098534";"9,62801008";"7,97019483";"29,7295776";"1230,99455944";"0,0";"59,93112942";"5,3164143";"0,0331015";"49,80746669";"319,13446375"
2004;5;"410,3751444";"170,50297227";"78,22306764";"10,08369054";"4,6461351";"198,42461896";"30,85233259";"54,39770386";"52,20681533";"43,05553452";"35,42415792";"6,95633805";"2,36852618";"252,75179862";"0,0";"194,78024526";"5,87699749";"8,58572914";"4,8074735";"223,46324628"
2004;6;"687,216529300001";"192,12046218";"80,25916938";"157,06131024";"72,65389455";"882,08794655";"23,19250038";"120,67016687";"64,83630717";"28,05121508";"5,36323881";"16,4678583";"2,3972887";"1058,51588919";"0,0";"78,14584042";"82,4434669";"120,11673446";"17,57431989";"406,49413439"
2004;7;"715,741271250001";"166,63845584";"119,23384974";"75,5501048";"6,08166607";"449,4700532";"27,84678548";"75,99050381";"91,05532728";"60,14689125";"14,02894652";"11,61486787";"0,60671464";"665,79016023";"0,0";"66,08327763";"5,54766798";"0,01128642";"18,34784967";"400,69068852"
2004;8;"429,11333509";"234,6177469";"158,99924569";"50,78937207";"4,2034466";"193,53942379";"27,85109356";"46,35413361";"92,55847892";"47,3398677";"18,8727878";"27,49309816";"128,38097763";"812,59832152";"0,0";"68,27528509";"11,66525292";"466,79016461";"0,76964608";"489,14958206"
2004;9;"694,019937720001";"166,41227399";"100,85862401";"81,87766424";"26,89176406";"231,01136629";"37,00272059";"72,12729736";"84,26006421";"60,4091058";"6,62602894";"30,13032054";"9,05238834";"875,52338718";"0,0";"47,68018009";"10,60739715";"400,2087618";"23,06323332";"498,98984048"
2004;10;"618,630516019999";"312,52182635";"131,63893895";"37,57188429";"12,557634";"1023,12282017";"110,57827014";"126,03655233";"71,93897105";"27,74824773";"8,9967908";"13,8474753";"12,39150924";"411,5402222";"0,0";"121,79684539";"3,33729152";"450,14060594";"11,93192313";"476,48677095"
2004;11;"696,386244369999";"197,80384047";"72,12378599";"209,47487817";"7,89504326";"1055,43985239";"125,19562402";"61,54253742";"130,27831806";"75,5055337";"13,30016998";"47,66923947";"1,82065277";"252,04561866";"0,0";"73,19148811";"56,5240056";"0,39367172";"21,55954976";"458,20679304"
2004;12;"581,4026902";"238,35069901";"243,83732966";"116,97670996";"28,28771831";"1880,91479403";"238,82360983";"45,46050428";"110,0181131";"33,91475774";"14,16743553";"113,80766837";"24,68690987";"153,03549609";"0,0";"142,45646532";"34,84543458";"94,61367392";"4,73468991";"450,28170901"
2005;1;"498,79228934";"253,8617854";"77,4585206";"79,03713228";"11,1465587";"1610,97721679";"108,65681422";"65,21865199";"79,36114972";"61,30409434";"7,00479159";"35,99838125";"3,8415753";"372,71832208";"0,0";"10,92714514";"4,10701543";"0,01493548";"20,88326599";"493,19842518"
2005;2;"338,44170271";"215,48509717";"182,00756444";"55,18008717";"8,5756672";"159,0691254";"310,76145884";"157,89983243";"43,91195709";"38,13308927";"15,12484099";"30,07724099";"4,50924416";"475,1913997";"0,0";"59,54420932";"3,53564893";"0,55423008";"8,1514";"356,18360365"
2005;3;"378,37023231";"279,85182647";"119,92162484";"100,94293866";"6,71819923";"787,31635074";"293,44511543";"251,9360235";"88,26146344";"76,54521662";"27,78933972";"32,6226604";"12,4403087";"85,57644251";"0,0";"44,91642752";"85,5814468";"1,174";"16,22679999";"516,21862569"
2005;4;"328,51867846";"219,6441809";"132,93727049";"39,89205762";"31,13867549";"393,3474022";"246,93179491";"194,41157483";"92,36130554";"54,53372394";"14,1497584";"64,16778118";"1,7793505";"141,24101657";"0,0";"27,91163377";"6,14533183";"119,7209342";"18,91171128";"449,25140341"
2005;5;"206,2224175";"282,44772472";"139,51653777";"197,91334664";"11,96643679";"687,34598814";"158,62731004";"98,03813761";"68,88397412";"34,46736841";"12,71688721";"88,38729087";"7,7184544";"292,00014139";"0,0";"19,08006584";"106,81805647";"185,70787683";"15,02558166";"439,01399776"
2005;6;"469,447716589999";"397,496233069999";"159,73234319";"168,38235583";"29,15675509";"1304,42825595";"606,30011804";"277,31087715";"235,48472065";"138,64876495";"20,06515788";"135,23388038";"8,80206941";"201,73867195";"0,00504129";"157,05428511";"5,96683336";"0,50438452";"13,32913815";"552,69882547"
2005;7;"373,89870673";"399,73482075";"109,75640482";"64,07184869";"71,47264776";"288,36597662";"218,98733118";"92,46913647";"198,5330819";"237,67474979";"39,48897872";"117,01045406";"10,93200342";"991,24514469";"0,0";"32,57221454";"156,90449436";"332,14557498";"415,099979";"428,99776575"
2005;8;"155,91410392";"514,03303588";"555,71016015";"84,55939483";"23,77202325";"345,47524437";"370,32443327";"187,73654877";"115,52267443";"231,92023346";"97,5129719";"62,87636687";"21,45765798";"419,36494306";"0,20104267";"51,85220758";"102,96037765";"401,82402598";"4,97996451";"438,90250915"
2005;9;"212,14073438";"280,00226555";"171,52085547";"79,94119558";"36,64395031";"183,99799054";"324,60123792";"107,41271268";"139,92269192";"128,55058058";"33,29683175";"81,0846943700001";"27,55806869";"72,49956083";"0,00440439";"102,82496725";"52,54521568";"7,20154024";"8,5015569";"355,90606223"
2005;10;"259,75948969";"248,11317687";"192,56113822";"33,74157739";"11,4226716";"223,9405611";"213,96032464";"94,09441638";"83,42116588";"78,753535";"18,29699942";"28,34532919";"47,44205397";"351,91131586";"0,00256876";"29,8580674";"5,68364419";"302,23992709";"4,55863957";"411,86098537"
2005;11;"346,01394511";"255,63186081";"170,17085878";"122,24237536";"86,32322781";"2995,31377298";"263,26246678";"98,79170202";"97,11874074";"97,53091391";"14,49825951";"28,62628643";"14,04156262";"604,69345644";"0,0";"192,6983585";"15,86777301";"251,92302143";"0,08204126";"337,21831079"
2005;12;"491,29863594";"331,31782233";"886,74294078";"389,16878865";"9,33376766";"1782,546214";"144,3928655";"124,71150235";"74,75778761";"134,53476305";"17,02604051";"72,02862748";"81,93964775";"580,66937464";"0,0";"1360,86082881";"153,04522485";"66,27244214";"54,82023369";"446,95475733"
2006;1;"396,76316777";"407,22798315";"146,90749094";"23,14338949";"11,0903703";"177,17417215";"75,1380165";"69,5551285";"86,78076643";"35,05249939";"19,94564946";"29,98692094";"14,25";"114,8779731";"0,00702719";"36,00537217";"52,09054662";"10,91615627";"311,7206838";"469,32436752"
2006;2;"272,80568079";"184,14476001";"134,53353447";"32,46983256";"6,62381036";"188,26129734";"179,04400199";"32,63285851";"59,6254676";"30,09447703";"8,70624518";"21,73142728";"1,08973117";"143,2719864";"0,0";"27,83043589";"50,83519541";"53,32426445";"85,0";"274,56708926"
2006;3;"360,53453233";"245,09417747";"212,46979068";"272,11270212";"43,99881599";"138,05590129";"218,82797878";"132,70224245";"55,77168995";"49,3779558";"6,52328823";"42,54011067";"1,89245033";"197,53398831";"0,1044073";"13,79098275";"11,56946672";"2,95214383";"42,88117024";"448,69333867"
2006;4;"194,44682025";"230,25676717";"192,83715869";"113,86511146";"48,28272579";"1534,0129848";"291,86098819";"30,24171775";"64,89283534";"75,67259354";"6,76602111";"34,92434409";"7,36352257";"114,59135412";"0,020275";"12,73518071";"73,68100579";"401,27727856";"6,96";"418,38650928"
2006;5;"289,31490079";"283,71835402";"224,86574971";"89,6071455";"68,647674";"490,96250549";"320,44429985";"45,38226061";"68,27939241";"94,67171961";"59,30124835";"50,89057117";"14,86832371";"128,332233";"0,0";"110,89142815";"115,97007335";"1,86824748";"74,75087519";"477,84844243"
2006;6;"245,804994030001";"362,69042945";"495,59551172";"83,89564802";"77,10684061";"1059,19306469";"304,85435502";"106,3147698";"196,76845168";"124,81988797";"16,86724418";"52,46492804";"11,1467031";"700,01647348";"0,39446064";"264,31754377";"26,89820581";"0,31977663";"9,36252346";"475,7726692"
2006;7;"259,8068165";"332,9748264";"185,54194624";"83,9955437";"68,3893132";"1530,21372992";"257,46280059";"118,2195176";"142,39206839";"120,82236815";"21,22752798";"66,2458382";"4,0";"74,70457806";"0,00270202";"453,15240191";"16,48576849";"7,56207679";"116,38320194";"501,61214055"
2006;8;"119,68344693";"340,69999332";"757,482322939999";"360,11870543";"42,36838259";"737,88601737";"519,28902893";"242,10987511";"165,76676497";"85,17087224";"7,19355634";"30,97189215";"14,7068781";"311,38167733";"0,01669977";"382,22386226";"30,80537971";"12,32979942";"52,83658467";"514,77054164"
2006;9;"184,80024802";"363,353835110001";"185,28569957";"71,67109082";"23,82450799";"688,59615351";"161,08688243";"127,1967259";"235,1233587";"768,08602868";"9,95833451";"32,49766558";"24,30758888";"212,48893547";"0,01213851";"132,08045231";"52,67957173";"4,77276136";"121,19999659";"435,76460704"
2006;10;"284,66267971";"393,93180011";"333,3704504";"133,89745599";"86,7461837";"180,76268224";"254,75826446";"454,7100799";"110,25651657";"327,1625705";"36,71203768";"45,05105496";"12,97711224";"258,1569931";"0,02704429";"204,07683409";"42,02021998";"21,45356261";"24,16892191";"578,91846155"
2006;11;"333,27677362";"447,45343246";"338,91670367";"135,27368154";"46,66559741";"1044,45850141";"219,96214085";"310,71814466";"255,8237495";"275,22330266";"12,82674227";"58,60304215";"21,841075";"470,71900709";"0,00108487";"91,38504129";"213,50658271";"1610,67940774";"12,58995899";"624,42396227"
2006;12;"480,6653435";"1369,28764889";"441,47429842";"914,95287379";"934,1978301";"1639,40644634";"445,76583975";"828,12089303";"232,64563386";"617,32019972";"59,68132598";"76,04929051";"49,88745257";"481,17725035";"0,34570239";"477,74465158";"71,30607422";"6,20525988";"45,22400436";"664,32235176"
2007;1;"396,59138081";"314,16418972";"313,1601087";"29,47246805";"524,13360048";"370,70552376";"102,57262676";"1154,00553801";"115,44779736";"155,69465284";"12,83772995";"382,51451515";"40,41627531";"107,28353743";"0,02212783";"25,99788705";"9,67389706";"0,10448984";"12,35489544";"613,36938421"
2007;2;"237,64304695";"207,45466937";"244,46451164";"36,05924044";"10,25075397";"76,43775282";"221,21167543";"38,17589632";"176,02181106";"265,1808523";"22,83951256";"136,29727896";"15,39919673";"100,17698241";"0,00867774";"111,6466181";"25,14760905";"0,34028461";"0,01";"414,33691381"
2007;3;"470,64965113";"681,657377750001";"221,04914138";"162,93035496";"19,01985415";"319,72248183";"234,43468787";"242,76720297";"280,31249457";"95,63890337";"52,27822434";"76,3771692";"17,67000017";"71,88465958";"0,03044949";"6,51945784";"344,84128324";"60,78671644";"109,60618132";"782,99822838"
2007;4;"387,8787";"366,5584159";"401,86464771";"83,84259233";"74,90580742";"82,42604475";"323,95753863";"185,74161029";"97,4408931";"289,27249667";"17,94445836";"48,83319959";"4,97876244";"462,37894142";"0,00720381";"53,57833983";"15,10441595";"0,31617101";"12,39647937";"664,16119056"
2007;5;"486,40852684";"594,369045739999";"258,44495006";"127,34658152";"22,63987634";"399,73129789";"261,54477387";"53,89580424";"423,13949516";"108,19420056";"59,39010775";"47,7371829";"46,18956321";"340,08524202";"0,00930253";"67,86465676";"56,05923061";"29,78489135";"2,605693";"826,75251042"
2007;6;"474,12679776";"538,401179920001";"249,55368447";"221,06787243";"14,57935607";"1107,22305815";"214,39544757";"131,46772603";"232,39198034";"307,12336028";"33,24373734";"32,49909083";"13,75299876";"1020,11366325";"0,01111707";"131,64486225";"72,25525635";"6,700648";"7,14586605";"845,13847867"
2007;7;"544,59465036";"586,467914830001";"1620,12951738";"123,34951054";"22,17919826";"600,65888992";"384,41379612";"95,09908579";"128,84279141";"381,28565399";"53,795677";"52,73514053";"19,02853172";"234,03175449";"0,01571836";"74,76941538";"96,86807423";"308,50681717";"197,27792894";"1006,75623116"
2007;8;"217,35993486";"568,52953807";"230,84467077";"277,44406694";"11,18033744";"140,64691103";"410,03409939";"867,66984634";"139,9459493";"442,13014111";"28,25844569";"62,20235254";"44,96145282";"256,99906482";"0,37711618";"561,68058048";"105,61445338";"469,64676849";"44,52749874";"849,40551329"
2007;9;"245,69278674";"1272,33142537001";"299,96878015";"173,94688854";"18,68135912";"96,54959524";"114,76622557";"143,70178951";"128,16985622";"203,30659409";"18,5147609";"35,53808515";"23,63355915";"272,75272574";"0,10995644";"32,50209253";"73,45379348";"895,80512797";"13,14910454";"767,252576419999"
2007;10;"523,59002534";"994,124840500002";"319,4916206";"207,50131171";"70,79669578";"215,73427643";"321,19459507";"184,42324075";"233,49749515";"882,44593644";"25,87250072";"40,94873635";"23,76455817";"1007,36756312";"0,35218887";"74,52244787";"33,37751262";"1258,61546451";"275,42853104";"1325,16940382"
2007;11;"447,07608446";"795,515194239999";"255,14942187";"242,89287309";"15,31807419";"722,44250514";"496,05413816";"110,45768447";"216,29055845";"697,038637730001";"36,19460718";"42,60625746";"1,14959787";"966,64189117";"0,01";"313,0696681";"156,3947819";"334,77438442";"64,98014496";"902,7961338"
2007;12;"566,23098549";"895,73223062";"359,3141494";"122,63401724";"246,80586942";"632,51517927";"298,37967007";"434,78719886";"174,20226177";"448,12602639";"41,24968257";"53,89662929";"106,39872701";"1531,57296363";"0,03966377";"486,6541115";"208,27183969";"13,81330388";"745,59310893";"890,9964965"
2008;1;"432,35651258";"508,904672370001";"446,801613";"39,39045273";"11,68421628";"535,97818053";"193,96540754";"195,55324433";"198,10762679";"338,72033327";"141,63382075";"46,94661192";"10,42953559";"210,97273902";"0,01184454";"153,01139999";"19,17936445";"3,980758";"63,6896865";"843,63066462"
2008;2;"338,98631058";"453,52966392";"385,62249834";"142,39165188";"106,73155795";"200,98182904";"232,57209386";"339,29566317";"366,18521595";"221,77646947";"77,31529398";"33,24818181";"2,02282403";"216,73906298";"0,00589536";"457,31874227";"20,43793976";"0,41798407";"44,0346098";"725,324156990001"
2008;3;"495,838341149999";"968,23641048";"474,19287918";"119,32543625";"15,35918886";"1214,65204107";"362,08558602";"135,05833135";"243,81334349";"605,01118604";"228,82192793";"38,21479726";"30,72994926";"1244,19315923";"0,02701284";"124,89436863";"145,26644411";"161,45404371";"108,69872273";"883,72578191"
2008;4;"496,868702";"547,847078890001";"2235,63046225";"98,02172667";"684,50152549";"421,00510281";"316,57316997";"265,26167223";"258,67873982";"264,8470109";"193,94761652";"34,5415545";"41,94665385";"391,29146351";"0,04399672";"447,0428508";"139,20485826";"1664,12183713";"103,39245831";"862,48571679"
2008;5;"495,997644979999";"596,10133835";"449,97823463";"59,84812983";"108,43038832";"353,55902505";"125,11195";"150,13617008";"190,00777081";"383,22762884";"135,53722437";"44,61478868";"15,07340507";"385,8328839";"0,21946946";"32,46851096";"21,91860606";"1359,34291536";"341,2272204";"1239,18185515"
2008;6;"580,7118406";"747,694448210002";"211,21944052";"89,11836195";"18,74087234";"408,18191336";"186,279073";"233,71950675";"137,52704974";"416,95304493";"101,44531521";"28,45146015";"5,80743122";"535,45243476";"0,02232376";"311,41825418";"20,97953653";"419,89256213";"47,40645293";"1065,0101975"
2008;7;"565,466148939999";"1677,27324718001";"300,23668343";"27,11210495";"815,58536221";"416,95887744";"104,29017789";"288,17451154";"95,3198654799999";"281,71939802";"44,7806019";"70,45562636";"53,50040473";"805,52836963";"0,05556465";"32,01041344";"22,30945685";"11,79882472";"32,95522004";"1048,25487677"
2008;8;"234,23978342";"858,23364658";"808,57355676";"35,55884181";"29,46862828";"232,00620877";"294,36472784";"266,11103907";"394,83282486";"462,758661";"151,01102383";"73,39535023";"42,35692489";"697,21536395";"0,66566058";"489,20129802";"30,61355799";"479,62127521";"189,66644458";"1514,36405826"
2008;9;"233,63614229";"1174,05286323";"1677,84171167";"47,52623984";"244,69926435";"286,38920217";"305,96715035";"313,42081398";"312,8589832";"377,11465769";"57,75099703";"54,02535604";"27,31315342";"612,09858513";"0,0260537";"161,11453339";"110,73321845";"8,78877574";"42,72575853";"2079,99639078"
2008;10;"454,62507686";"1089,39315571";"703,74339725";"82,28753177";"141,57125058";"471,08393664";"424,32387201";"859,54397088";"489,579204840001";"927,429730410001";"86,49442856";"70,26131451";"61,23946818";"1411,8509766";"0,49843524";"164,93038078";"269,13571921";"1110,55208911";"28,38957826";"1295,42433301"
2008;11;"734,279428409999";"1209,97206033";"908,60196351";"96,28015119";"78,03809589";"553,73206244";"577,55486967";"447,003060460001";"220,32248027";"510,60175125";"49,50860611";"56,23021177";"39,51967876";"750,70924351";"0,11106079";"365,80857176";"52,6886648";"427,86655663";"177,3122134";"1161,14685916"
2008;12;"531,456222139999";"1335,22373502";"1470,26996677";"20,85074386";"1055,8881443";"2450,79569682";"302,06153501";"224,07437188";"213,00049531";"833,45056261";"79,9517862299999";"70,16158976";"36,91694005";"1381,70219088";"0,3940064";"431,43921302";"219,12868858";"539,96234078";"13,99884841";"1120,82474781"
2009;1;"402,56512366";"651,829322889999";"341,82853165";"192,0225501";"106,20384486";"275,60509148";"229,87610282";"329,31857858";"108,14864355";"468,87556787";"24,23195636";"71,72074974";"50,08535412";"168,96470239";"0,14971904";"136,26723687";"9,36172237";"9,54970886";"14,72005422";"846,81715671"
2009;2;"284,58689344";"646,595810849999";"241,94986081";"23,97893984";"30,01502801";"470,03364261";"160,94916798";"359,78632091";"313,82731177";"902,408828719999";"21,04843529";"150,33971345";"35,93572039";"408,14253963";"0,0";"71,64912035";"19,79072021";"10,49253322";"273,33860051";"611,48825152"
2009;3;"461,238185140001";"787,777954519999";"442,68073459";"1774,58524995";"23,50922406";"227,95624276";"58,51360044";"338,25623626";"139,21334109";"239,62460333";"28,02311913";"47,25235995";"86,46161105";"1961,18139668";"0,12241053";"165,47752471";"223,52323514";"156,29292219";"140,05907028";"1117,17572404"
2009;4;"580,612572670003";"1017,76272822";"384,19194943";"649,3756931";"662,35162473";"377,27612121";"112,59079755";"181,10221846";"112,41216427";"409,20319642";"30,90766089";"222,69288045";"77,73280084";"1397,17973406";"0,19984882";"315,74800914";"23,74701918";"126,26709439";"45,59145132";"985,06011843"
2009;5;"652,602000860001";"658,183692720004";"278,8954026";"13,8865534";"604,96756526";"130,11839185";"114,53640642";"116,26241631";"151,12483567";"158,89738752";"42,32646839";"158,34048062";"253,47280958";"956,608045990001";"0,05470106";"326,56503932";"99,85383206";"353,08322172";"12,58541541";"955,70237362"
2009;6;"751,662887840001";"1298,78564429";"752,28610411";"343,56016748";"415,3486712";"1328,84636016";"278,61440674";"1146,33196116";"240,91638745";"315,25555465";"28,32742421";"538,72084481";"161,99598499";"541,72945985";"0,19684335";"544,51626235";"124,13799717";"425,20394203";"51,15834895";"948,490177949999"
2009;7;"589,373805450001";"1557,91419961999";"1161,62316237";"26,64563377";"23,49210983";"191,6422065";"110,11476303";"397,6674772";"170,88175775";"19654,74841505";"33,88309";"70,29062248";"110,6103402";"1054,63989712";"0,18156261";"5845,3355974";"47,80747367";"187,69918908";"36,57287193";"901,41576265"
2009;8;"467,33892365";"2437,32852988001";"534,22398666";"85,58119991";"24,88903506";"1352,69127369";"546,72489807";"212,40629133";"398,00267531";"230,68794523";"44,50697566";"265,53011673";"145,16398544";"852,01964012";"0,40712954";"193,13747262";"59,25482486";"18,86355611";"30,84901043";"1189,77811796"
2009;9;"635,553610050006";"1600,22565887";"480,35694233";"43,88676373";"35,10514516";"3045,03720681";"919,368636229999";"529,054201450001";"590,22354152";"637,49009658";"75,4055870699999";"96,05789245";"31,57189694";"1459,95350684";"0,28174828";"812,49661971";"47,64664374";"147,16683633";"178,18643819";"1294,91584023"
2009;10;"567,318548580004";"1814,83239363001";"353,9923282";"74,47393357";"33,59300685";"681,36887554";"803,285170950001";"850,880300510001";"201,83041197";"686,65516541";"77,0577152600001";"204,73444533";"213,9731741";"1609,55364213";"0,3503845";"203,2798158";"95,4697746";"556,88208788";"60,66164326";"1594,53514579"
2009;11;"718,787674480003";"1655,60786189002";"969,908771360002";"75,0002016";"1229,62150002";"315,3884245";"483,72106862";"488,15602875";"482,702500370001";"396,71493062";"106,33672048";"87,73240817";"281,39058474";"707,0429096";"0,20067652";"229,31048215";"58,61221101";"145,13715186";"919,82435672";"1621,08374654"
2009;12;"744,029372750004";"3198,88383566001";"2861,9679023";"264,71188944";"30,25225635";"425,8727781";"402,35495069";"349,54060858";"395,3647052";"1536,88864192";"135,17084442";"168,92372753";"545,81133767";"3048,0222653";"0,20868379";"853,50130913";"643,66352875";"1698,22969772";"1,49463752";"1592,96156661"
2010;1;"940,486606600004";"1690,91508721";"488,817392330001";"72,5275777";"43,0780561";"277,43065019";"266,38752907";"310,4983164";"334,92200935";"176,3497113";"120,60035482";"185,7256855";"72,6407267";"298,90222789";"0,34864225";"191,680609";"47,63585701";"48,34559278";"53,21882797";"2082,22455979"
2010;2;"745,788560450001";"1621,47519521";"1597,31496348";"32,37707244";"112,98798004";"257,74147097";"230,47067188";"215,61232331";"404,52170567";"255,77506138";"115,94665212";"156,26548658";"82,44510541";"711,32492534";"0,25793063";"16,91987903";"16,68091676";"20,55746648";"225,62815594";"1493,64374011"
2010;3;"955,259523740004";"1855,86112844";"540,751345840001";"105,21904227";"66,52727564";"523,65820047";"235,83960921";"193,9185657";"343,79148169";"394,72551744";"93,5752960599999";"144,81887687";"56,08983534";"1373,70938196";"0,2447798";"202,37122319";"341,40957799";"46,50058735";"36,61969613";"1934,87003526"
2010;4;"818,442370400004";"2370,53363233999";"586,91494602";"123,60358287";"94,45528927";"557,21890187";"168,35845943";"263,72384429";"324,70672263";"638,72953123";"74,8139608500001";"507,54161724";"142,15853024";"687,5100686";"0,13924284";"147,51774599";"314,02520565";"171,45641981";"33,30874115";"2133,52748407"
2010;5;"736,398390470003";"2304,34164713002";"920,61959485";"153,92176704";"54,43114055";"450,17829522";"132,97278277";"147,07898963";"233,15445109";"402,72584208";"176,134303119999";"291,83625243";"120,14977109";"861,93359381";"0,44090918";"614,4276742";"421,50765588";"125,44658787";"17,16856272";"2250,4146599"
2010;6;"792,035604490001";"2290,85821222001";"711,71207242";"87,39733023";"52,09056901";"1544,48500226";"930,94814631";"194,02687139";"455,32120358";"824,219397170001";"370,298647";"251,75964556";"24,24588303";"1171,28527953";"0,57919245";"180,29433192";"98,07663175";"650,82333627";"11,03942367";"2638,46647618"
2010;7;"678,38617802";"2719,59258749002";"1249,5767372";"137,64623223";"49,04990889";"1337,41773528";"508,26480599";"584,60447495";"472,8279095";"871,19930409";"130,59206619";"276,60180813";"116,53047305";"945,30397035";"0,28168495";"499,15409511";"100,45586668";"5,98944959";"87,90256136";"2578,78339571001"
2010;8;"755,90752641";"2590,65844786";"2983,37086073";"406,49030322";"374,58189479";"1991,76827473";"1429,27696913";"1070,61787321";"757,537414990001";"1026,42362321";"167,79174567";"409,98132037";"119,18771052";"1213,55457718";"0,41756869";"200,47987726";"86,72758735";"214,40450508";"226,07058085";"2323,83062675"
2010;9;"727,024414540002";"2064,80892206002";"2166,17645132";"109,73567267";"237,85337966";"682,39212745";"456,38516118";"380,06795381";"1038,07440057";"25464,77987282";"259,33736411";"175,10025993";"115,18163241";"330,07444442";"0,54184171";"542,99745194";"51,30674377";"122,17324055";"34,62786581";"2039,26659597"
2010;10;"960,142594760008";"1928,22687072002";"898,118204460002";"168,38504021";"99,05395098";"712,70684802";"200,03893255";"867,61893047";"638,744303270001";"1143,4010597";"346,99040003";"268,89654675";"10,31173751";"1905,72212515";"0,7784425";"141,43956706";"81,60438279";"575,06290944";"83,16227222";"1872,15464103001"
2010;11;"949,505150390002";"2856,47657860003";"652,95716706";"107,07780646";"71,53971319";"402,71132246";"215,58641613";"227,09227444";"313,82889607";"1254,3924106";"95,4534974299997";"88,0285537800001";"178,74499358";"2604,69729439";"0,63930495";"185,15111036";"88,62699543";"17,40458341";"141,23929988";"2239,00135307"
2010;12;"1066,90872976";"2809,78398185001";"670,69078584";"118,61773174";"257,93407506";"1463,48828332";"572,72842738";"472,28083461";"408,73145664";"1360,44479604";"198,70438938";"197,70184308";"244,4578553";"1496,2748413";"1,72883232";"506,67905321";"220,23529599";"105,74436592";"286,40646536";"2357,17948199"
2011;1;"850,146939900002";"1430,77465050001";"1132,54072755";"38,27474519";"147,34537216";"287,86708164";"192,80490891";"245,70178214";"297,780903259999";"282,5972967";"81,0012681700001";"100,15021077";"64,41099972";"277,51756981";"0,60431056";"228,05650921";"105,53342303";"32,4716125";"46,54079408";"2430,21182832"
2011;2;"657,714068620001";"1660,72118468001";"374,9344202";"102,53468987";"597,92168681";"213,90342156";"191,87270756";"357,595005569999";"415,37196634";"366,02371579";"140,73629621";"367,7358841";"10,7753434";"1431,07678167";"0,94282588";"121,1101065";"87,1283949599999";"20,55059232";"20,41323712";"1740,33637607"
2011;3;"610,4697417";"1828,40355235001";"367,16193928";"30,12406088";"54,73169464";"401,00457287";"226,06295599";"270,37157955";"350,186703240001";"503,95104421";"79,4277883300001";"129,03690441";"38,49332707";"397,02585859";"0,8783269";"247,67581511";"155,38376548";"70,29911416";"54,97001288";"1897,89126164"
2011;4;"695,841863699999";"1681,18773280002";"738,246063280001";"74,17855477";"89,47969459";"406,36717028";"111,52688805";"433,107846260001";"280,86806862";"496,90475053";"139,86516331";"375,16083441";"45,03591813";"516,73904502";"0,84766513";"127,76103259";"327,29730631";"15,73565831";"78,8691051";"2150,60414757"
2011;5;"764,59544193";"1889,54093817001";"355,26267214";"71,15778946";"89,35429717";"925,91566101";"429,34796366";"419,81868504";"364,00422996";"395,49816519";"124,87041053";"153,33565756";"66,60469646";"892,95017406";"0,61694962";"165,41712743";"151,67267259";"166,71874985";"24,43818216";"2237,25631262"
2011;6;"1327,31442891";"1865,16716336003";"326,77006622";"83,8067391200001";"517,10944632";"1375,90884061";"590,16271476";"234,60393899";"586,4980462";"722,196819910001";"599,333668569998";"97,54038184";"4,25391877";"1156,52445032";"2,18722368";"172,57553487";"147,11861707";"15,21599761";"115,0588522";"2316,97987784"
2011;7;"779,52603851";"2314,38712738";"317,793523629999";"145,79891483";"43,09527598";"756,14974139";"523,45866671";"174,17701159";"543,994151529999";"565,21804269";"203,9688978";"384,5385463";"40,63874941";"2396,94199592";"0,96206271";"391,03266497";"208,06709274";"687,01898523";"651,46758908";"2434,28812675"
2011;8;"766,67447877";"2444,97531945003";"419,191456120001";"159,80843639";"653,01140922";"490,15397618";"347,71716917";"157,44890303";"410,637914830001";"675,19962319";"169,19024731";"408,26715086";"94,86628326";"1052,65519869";"1,25344405";"593,89180385";"96,45036726";"23,08744699";"56,36780603";"2295,0147449"
2011;9;"772,069229959999";"2820,27128817004";"339,83203047";"141,11369239";"65,53635062";"735,819456110001";"253,69948171";"162,58045542";"457,13512352";"539,70473256";"268,42414242";"181,60558951";"71,09219133";"1575,93742418";"0,82540423";"150,01393794";"200,0084125";"68,9013185";"107,70210929";"2217,06758307"
2011;10;"758,731263329999";"2680,15020026006";"569,14986178";"113,6017225";"361,17064939";"495,85144243";"637,769824270001";"206,05558828";"395,21686386";"635,43367927";"211,1359627";"122,47112504";"99,9501897";"994,23981675";"1,07873486";"351,11709562";"76,9632799900001";"637,25484149";"6,46221854";"2380,77467356"
2011;11;"814,528866209999";"3005,08965042002";"1235,65241863";"98,07743381";"222,70921451";"679,03997283";"450,848494590001";"478,47021093";"812,525861459999";"503,02199001";"278,33995351";"196,13222158";"88,23913359";"2223,47807238";"1,53318345";"591,22680963";"124,95385044";"1011,42503088";"14,17023937";"1835,58889321"
2011;12;"961,412042469997";"5548,09767163998";"652,894733889999";"399,15141279";"737,52500786";"1434,86026341";"523,38226614";"615,5909979";"926,649166790003";"1463,71136814";"259,69176499";"973,21985913";"26,37767241";"3043,09745118";"2,39952434";"390,90778468";"197,13511427";"359,08487946";"243,6077803";"2111,67335005001"
2012;1;"869,777044409999";"1511,00118230001";"263,55138481";"16,17907288";"50,13708676";"191,24835315";"139,9975367";"268,62351031";"355,80562216";"121,44328356";"174,9282402";"207,71657383";"75,35301334";"579,91258658";"1,20396485";"72,1464423";"90,25331529";"15,64885771";"217,70127616";"1818,30980744"
2012;2;"624,71266686";"2173,19561296001";"236,86762178";"48,99331172";"42,43320163";"411,22266109";"183,38488258";"151,35465464";"295,12913541";"200,96579822";"103,95555208";"375,67220125";"26,13509204";"1109,20670488";"1,47444872";"439,67064516";"361,91670074";"127,16364906";"20,86944676";"1190,83161028"
2012;3;"722,005466860001";"2195,10666852002";"656,617564279999";"810,0573402";"196,92352588";"370,16206018";"212,06841355";"148,61764612";"323,9048602";"368,33306312";"112,71015987";"186,3282266";"68,73347249";"902,55793126";"1,43876564";"182,88410186";"148,16532777";"454,5999625";"87,64239414";"1168,00686429"
2012;4;"790,041929439999";"2259,21895382";"369,89657313";"808,119399130001";"95,8201834";"305,99346799";"305,5516092";"158,30260987";"410,81744359";"494,30179317";"122,79095395";"161,69326981";"19,20581068";"1692,88783635";"1,86225779";"50,07201835";"110,99597807";"5,30119239";"159,94711951";"1344,63528813001"
2012;5;"746,063458479999";"2946,85112710002";"327,457895300001";"293,1728216";"125,01130612";"368,06594072";"197,64656663";"136,36285775";"351,25227884";"187,01985857";"92,99813306";"367,07475065";"34,09382953";"1607,39928674";"1,89571376";"436,7403809";"68,93302357";"5,47738766";"463,33022947";"899,268008960001"
2012;6;"679,4786354";"2631,60399792";"435,905126010001";"298,87695094";"266,38425209";"1188,73049834";"565,719966570001";"178,75799265";"537,08037978";"106,2395433";"118,60122451";"409,11676026";"78,46090018";"575,5942065";"1,6742222";"397,07909356";"142,54320115";"14,32224909";"15,01096093";"1091,23905518"
2012;7;"918,304429029999";"3001,34629205998";"560,545854020001";"290,50114999";"135,66597273";"717,99868734";"851,258687629999";"761,064747580001";"566,019841929999";"3524,58347487";"237,80576432";"209,67219395";"78,55895883";"667,6919958";"4,44962243";"106,50425532";"67,61543586";"199,14829697";"62,87061244";"1352,83549725"
2012;8;"1050,88292765";"3071,82179947999";"440,38761136";"395,89935541";"105,14837591";"1015,74284427";"1230,02568506";"428,77999899";"1289,00497871";"150,10965519";"459,221796870001";"312,48130413";"20,63144448";"1425,03971521";"2,85463846";"539,14824139";"73,56555631";"5,30254788";"55,98990791";"1220,88534868"
2012;9;"1029,82714322";"2834,83882421004";"395,702221440001";"329,18682342";"139,93829933";"845,40555664";"359,53019705";"194,37397508";"891,476928039998";"1432,91161712";"430,71146967";"879,275083460001";"122,00403466";"538,49176522";"3,45550213";"269,91823438";"248,49410536";"805,18789384";"612,14666217";"1048,49309005"
2012;10;"1096,68674118";"3657,68291744004";"575,1107961";"218,4334485";"65,86609001";"627,29880841";"459,81991945";"472,09523528";"917,434883310001";"281,10233411";"464,5526569";"176,75190432";"134,98691564";"2797,64383376";"4,3563331";"127,86605237";"418,14757528";"5,42922576";"24,13126657";"1268,30804704"
2012;11;"1368,51400403";"4003,02448912";"510,30638488";"346,82322807";"96,15550584";"382,43477924";"457,892223520001";"359,54744606";"1008,01817034";"538,13896562";"181,25830423";"264,95739452";"90,38517727";"2028,43473011";"1,94213337";"146,23004886";"87,9055365";"60,11678514";"12,73013191";"1489,18164347"
2012;12;"1465,94204249";"13760,2578196901";"1343,84802056";"362,3521315";"505,82305774";"568,874903610001";"646,10432519";"608,13172503";"873,753628010002";"1120,01014222";"213,6733502";"1118,00873707";"149,76963071";"4962,21302153999";"3,686184";"909,1488233";"146,02776036";"3138,44323726";"680,27751362";"1630,53944239"
2013;1;"1540,07155913";"2532,38400671002";"538,256495429999";"392,78071952";"173,26727764";"243,78745398";"426,11553538";"303,56825938";"586,74723971";"430,12151698";"308,39716533";"103,35300185";"21,54999997";"496,88463527";"2,32980711";"315,26110364";"37,70391493";"6,79817159";"80,0088257";"1562,61380995"
2013;2;"1515,9151732";"3327,76835355998";"410,662207429999";"403,59632383";"93,77210188";"920,05584031";"292,04296831";"317,04161808";"515,089390620001";"359,07398725";"123,23109355";"175,418877";"2,30999999";"748,47831848";"2,37204109";"176,18320421";"147,3473544";"68,51958248";"146,7872891";"1326,32543246"
2013;3;"1724,9904757";"3642,13600812003";"789,72594273";"457,84801536";"110,20449157";"1956,96121378";"1099,27038096";"268,79051655";"638,300120129999";"1319,11128098";"137,17426199";"343,34309494";"3,60017083";"950,51421367";"2,05250907";"310,16399721";"242,58390406";"240,55159314";"22,27205342";"1725,11986088"
2013;4;"1859,16732306";"3482,01801273001";"881,453060020001";"568,83898054";"149,20733184";"967,040071990001";"647,071427900001";"445,57615279";"1397,36555167";"1265,81152211";"182,9130523";"1050,01600192";"205,29431239";"942,43763617";"2,8465604";"384,00714255";"69,82399496";"121,04987933";"666,972345610001";"1967,58822659"
2013;5;"1644,90524001";"5355,5484278301";"695,341741639999";"303,85847723";"106,89500147";"1315,52573078";"487,84621908";"411,47638131";"806,723167060001";"1189,29817075";"204,17090962";"825,038385349999";"215,6794485";"1631,36354622";"3,50437292";"792,99029475";"181,39319116";"218,80031053";"9,16732501";"2226,72899089"
2013;6;"1341,76103457";"4039,56131230006";"622,8880283";"139,88806181";"296,37304172";"415,23189708";"637,731951019999";"170,89211949";"631,924398140001";"403,07744454";"217,20696967";"881,775062139999";"92,46082064";"3540,5619042";"2,56965984";"256,43613127";"110,80907245";"50,17222928";"234,47504611";"1427,00651282"
2013;7;"1268,81703027";"4261,02107159008";"459,27611857";"158,27372885";"88,6321233099999";"759,84672188";"619,034750510001";"218,41462804";"528,37629019";"1269,52657818";"90,8505539500001";"499,30767866";"80,84882162";"864,5116756";"4,43084845";"117,88891396";"85,56227017";"209,05017452";"38,66985414";"2135,3643413"
2013;8;"1164,55463518";"3993,99036838004";"626,445501";"321,04884287";"372,38171281";"412,20283667";"542,07687582";"193,99004346";"648,183148139999";"308,51265298";"113,98672978";"472,19988237";"22,01947238";"2773,01556657";"3,23924852";"608,16345866";"226,13915045";"164,51694249";"9,92753601";"1991,57418505"
2013;9;"1273,3532055";"4666,55556785002";"759,04099159";"123,9543282";"169,34438049";"710,9393923";"667,875397349999";"494,49095053";"660,175690769999";"307,45086786";"116,17508739";"555,14301985";"365,85949471";"598,64123999";"2,33387085";"211,75564146";"107,07048633";"333,56726423";"321,70030499";"1834,41441931999"
2013;10;"1472,28650863";"4681,91772492004";"753,499008720001";"176,6316439";"93,71829571";"542,80644428";"466,890951620001";"176,21659508";"627,156950859999";"764,238411620001";"96,0769540299999";"695,63752204";"32,75516039";"964,24764923";"1,68008955";"220,79112233";"274,39590011";"792,772562420001";"562,04840963";"1830,9967761"
2013;11;"1655,92922903";"3642,38327930995";"668,9367251";"624,97729685";"723,19646869";"575,50337058";"279,65195573";"364,85745088";"539,63948301";"798,827845390001";"116,08939601";"921,52327345";"296,70585193";"1369,04907879";"1,60284108";"227,70010262";"118,29712874";"84,2167298300001";"247,00060886";"2308,43420365001"
2013;12;"2200,46450407999";"7941,02983270011";"665,601502730001";"159,09694314";"1678,74873349";"1484,32011488";"576,906719770001";"702,94958488";"478,69926522";"2772,85893561";"190,3005182";"1308,64322152";"159,00687265";"5054,94681141";"1,54333525";"522,77441018";"505,0506582";"404,51699895";"350,82538438";"909,486826559999"
2014;1;"2153,40007605";"3527,35896524";"566,594029410001";"249,15937287";"75,14124478";"845,57565691";"354,52214051";"265,46752543";"442,211811520001";"1422,19436996";"63,14166854";"229,31969173";"1,31679368";"967,35072435";"1,57044498";"1170,74849308";"130,82758484";"199,96134924";"42,3368132";"3012,34591055"
2014;2;"1009,00652123";"3389,51363319001";"597,238203290001";"240,47405302";"129,10179827";"427,28814347";"339,16676574";"403,171707800001";"470,79520109";"1515,66958687";"126,46094518";"799,53088539";"60,3348806";"518,65032422";"2,33712009";"271,46462439";"112,2983684";"291,0765605";"249,22175868";"1782,50359017"
2014;3;"930,812030860005";"4622,73338306995";"939,06139759";"375,9102398";"104,95373777";"539,13943778";"360,71195036";"810,215582820002";"346,19801457";"407,051962290001";"70,2715313599999";"1155,92713829";"367,08900236";"1774,54077985";"1,17824231";"461,99633513";"328,71358398";"132,16324962";"109,72754777";"1356,43619339"
2014;4;"1063,59555891";"4900,5563784";"363,57353198";"223,30505921";"373,57081323";"758,826056380001";"159,65316554";"149,7526015";"279,99224901";"706,85920622";"85,0143291400003";"951,28621508";"32,92825811";"824,45930523";"1,36293756";"11,00353539";"111,28600896";"2703,05389407";"270,14619392";"1207,30051938"
2014;5;"1117,49437597001";"2289,12174182";"361,18393022";"189,61767915";"50,54250787";"587,96515109";"246,18865725";"117,11969505";"318,332403670001";"139,70840254";"89,1973629800002";"1370,28765554";"71,82090682";"637,07903576";"0,94983803";"55,62023407";"61,42392656";"793,02582679";"159,21057603";"1289,21020575"
2014;6;"1245,97457008";"4658,00731520001";"565,520882109999";"911,12255264";"75,83995037";"1038,85680518";"225,95924601";"101,57478132";"389,54558388";"1129,86040613";"82,4252999200003";"514,12631215";"507,93694066";"1903,58903749";"1,86645726";"44,93267334";"321,12074429";"74,32245402";"340,60557064";"1149,36802307"
2014;7;"1334,67862977";"3114,37205213";"422,793827720001";"398,5258593";"198,79092065";"1037,00497359";"598,56300955";"281,3374971";"434,91854077";"306,30417498";"88,38628243";"1453,78017858";"188,57340982";"1106,44447422";"1,159928";"238,38328768";"146,87019866";"308,32535012";"144,12523765";"1534,55321227"
2014;8;"1535,77144916";"3657,47316387997";"531,944990830001";"374,00778543";"418,2034704";"914,44117516";"397,3197904";"965,464288880001";"577,017328289999";"903,76493389";"70,0596194799999";"591,209473580001";"439,14985544";"2170,17854374";"2,16886371";"67,1452707";"73,48771337";"118,67122954";"282,47849678";"1487,00144316"
2014;9;"1597,86702872";"4262,74645576998";"594,300430260001";"206,17976482";"193,08296267";"1287,70784076";"607,758504190001";"263,79237067";"498,87293542";"832,081311030001";"77,3789657899998";"1095,54158";"42,99999999";"2379,20295777";"1,67649285";"508,74997295";"124,8411866";"207,57170023";"254,19791307";"1640,52328633"
2014;10;"1601,74919198";"5007,11882085993";"761,699964380002";"451,96481568";"855,27122157";"1246,17855506";"394,034503190001";"335,47273386";"377,01264885";"675,60571515";"102,18977739";"628,674805550001";"197,93744441";"829,84559715";"2,71453176";"18,48446147";"458,67682323";"88,22587912";"1184,83475882";"1697,8436576"
2014;11;"1295,30535881001";"5252,58666688995";"311,58942484";"185,60750649";"215,88131877";"1118,63378529";"455,20139325";"128,70680183";"330,86941591";"627,686461930001";"286,732034000001";"389,00344857";"562,28290704";"1483,29667901";"2,50645753";"646,8104376";"186,16347429";"150,49085284";"656,62049424";"1403,84261088"
2014;12;"1889,49510233";"7362,92382228989";"1258,90546534";"213,38553857";"336,91520605";"1743,88327539";"439,612932319999";"243,87537397";"589,72167925";"586,20240806";"104,62994653";"1227,70680332";"278,7124386";"4423,80632476999";"2,30627767";"481,38572965";"350,2213577";"228,29183316";"374,99444316";"3446,75374903001"
2015;1;"1404,66549338";"2288,87826242997";"479,59986167";"140,8575088";"55,65264621";"704,792185000001";"246,3768817";"316,88173031";"327,61189838";"149,12152534";"143,12858069";"242,71916672";"330,83123694";"1085,79772104";"0,99116393";"703,51664189";"50,18958892";"13,09422757";"137,01199975";"957,52384524"
2015;2;"930,47583218";"2061,66969417002";"339,81837167";"144,63679502";"456,68104771";"938,15615046";"412,07881004";"334,11135317";"287,40207389";"207,19802598";"71,9386999100002";"328,01785546";"29,13875429";"1397,68986011";"1,39460577";"15,92587452";"181,45278004";"311,23202457";"65,62566271";"618,521121859999"
2015;3;"1218,68028888";"3255,13046647003";"609,922833990001";"343,65112508";"568,11596456";"1049,67856387";"328,514024650001";"391,727383169999";"316,80877248";"989,04737688";"76,1443586900001";"569,67587604";"250,81956597";"2209,1537401";"0,66383329";"654,52756729";"146,44402316";"69,36451968";"694,64288203";"597,30565663"
2015;4;"1001,01913987";"2309,92329254003";"450,85245958";"225,691137";"33,14810095";"630,08060014";"255,44006905";"258,13217317";"197,3171055";"293,68682963";"75,2509553499999";"984,68077018";"140,67562191";"1777,35853565";"1,58244571";"857,02265486";"109,60819166";"14,45844118";"265,75999434";"389,167279989999"
2015;5;"1241,80700866";"2355,19811618";"312,18161277";"386,69779742";"156,49547698";"758,69118128";"100,46187513";"1050,24516273";"206,79822027";"399,87271295";"99,91249801";"683,600664670001";"0,0";"1540,6899037";"1,48604608";"1207,26311426";"58,6474218";"11,64007539";"111,80376164";"586,3204352"
2015;6;"1619,40332875001";"2765,62573989999";"756,984987169999";"532,02737881";"338,32080392";"1211,13666287";"266,60166047";"94,00630283";"226,63795303";"452,78711202";"71,4099132500001";"1020,69503333";"371,0220054";"2480,30119643";"0,84134954";"329,93839693";"141,27762893";"30,17772212";"593,47261459";"674,645744909999"
2015;7;"891,549932100001";"1922,32843060001";"348,56736158";"553,57122168";"13,87438762";"588,514487440001";"124,40325316";"511,09022328";"286,046211019999";"337,62594686";"95,4491101200002";"366,12856165";"36,80026526";"257,90390564";"1,43521203";"759,39667312";"73,59505907";"54,51953614";"532,68643544";"533,077708469999"
2015;8;"910,494930180001";"2019,60910365002";"449,923070860001";"292,68703132";"19,54813502";"613,20648274";"185,18436562";"95,3076933499999";"211,16543403";"129,59413634";"57,9854526699999";"827,591098960001";"144,63031131";"967,47712794";"0,9179263";"275,67362367";"45,16065567";"21,79636875";"180,49204151";"518,7646199"
2015;9;"1063,13482046";"2028,44700469002";"457,74324942";"243,52388659";"25,88474062";"992,57756368";"252,82652583";"141,54834101";"215,95918975";"110,34439737";"64,23520198";"306,40838902";"331,76857939";"2014,32947306";"1,33317041";"365,74716216";"58,58825058";"117,08586035";"90,13631992";"532,533248780001"
2015;10;"1176,11341024";"2262,00907978996";"334,72887324";"198,31795121";"24,79719618";"769,40935334";"198,8630695";"115,12092166";"267,18603475";"280,77321482";"107,90580651";"427,70818108";"333,71209547";"844,14290589";"1,42982119";"1002,09472228";"125,69230615";"1208,11342611";"660,83226899";"749,792089919999"
2015;11;"1255,69387587";"2396,67742225002";"395,32902176";"54,78520096";"18,71225546";"759,96495319";"198,28361385";"75,4206766000002";"315,3574035";"524,20662689";"61,8507008799999";"502,77296514";"102,16499996";"2556,36041937";"0,832805";"291,79592957";"128,50170238";"55,10882078";"1039,19542708";"553,246971230001"
2015;12;"997,01511388";"4791,93329025003";"623,27476431";"355,73364861";"13,55667216";"1970,60851568";"705,94050204";"336,44377789";"207,60674789";"195,12704792";"79,466205";"760,27488499";"175,12980633";"4768,08370741999";"1,15903868";"1329,31381728";"432,43218036";"195,2820513";"725,30954924";"463,011879100001"
2016;1;"1123,15229538";"1202,68150723";"286,46764857";"77,47911765";"23,09438257";"413,41265055";"366,09712927";"102,95133479";"136,30746352";"67,4881777500001";"46,5541899100001";"324,48976645";"19,58939649";"656,99306167";"0,98105653";"277,33175702";"55,91800403";"19,65571837";"71,50738835";"630,03710537"
2016;2;"977,050183290002";"1238,91915977";"194,71128947";"227,9236175";"11,02312325";"745,04640389";"301,124436";"327,826221420001";"100,70704733";"64,5575656";"58,8368452900001";"117,53590665";"430,60736394";"517,42811381";"0,31018953";"183,93171805";"80,21110033";"13,97608673";"53,12880828";"346,05615239"
2016;3;"1048,69124184";"1242,49351324";"448,91255672";"249,59763466";"17,46333684";"553,98561989";"157,89723715";"43,03659503";"174,67012899";"205,534186";"40,6986906900001";"124,86553295";"289,88664968";"654,48616794";"0,55158136";"383,07058797";"88,90148481";"33,69615871";"50,00447039";"353,073686740001"
2016;4;"1187,53855638";"1535,03799953001";"148,52571956";"180,63007681";"281,49851003";"396,12009932";"83,8870273800001";"146,67023871";"105,39466769";"93,9064348899999";"51,2595692400002";"447,77213245";"129,68926516";"1079,47829824";"0,41598758";"649,83502059";"108,83925441";"49,16596404";"0,0";"392,993619369999"
2016;5;"1144,5883804";"1931,61114635999";"212,03162003";"113,73795023";"12,47671231";"1123,32513263";"134,109859";"31,4145642299999";"89,9081519700001";"150,23872743";"41,3915939999999";"128,29104866";"25,0";"804,33439543";"0,82751348";"62,07234691";"136,14095656";"18,90418464";"271,43248445";"300,89924717"
2016;6;"1170,40185837";"1534,02667447";"152,58338276";"210,5405411";"417,47045894";"1055,40783936";"92,5991222199999";"321,45807067";"330,62028151";"389,54627735";"32,83195252";"379,90668557";"417,44918237";"868,44692577";"0,96896806";"208,9365526";"76,12683231";"22,16230955";"115,66338154";"472,01495021"
2016;7;"1016,6550509";"1672,06779114001";"215,99762935";"30,86039839";"9,20835481";"1737,33005872";"271,61031863";"738,64851362";"189,47573514";"241,91214719";"35,6848323400001";"521,19000316";"84,16511364";"570,88851131";"0,94268237";"88,55327179";"158,0709033";"333,98269118";"80,60458291";"468,39449937"
2016;8;"819,833226180001";"1204,65750301001";"330,99817928";"80,78786333";"13,20032779";"2321,29820131";"301,9072805";"211,67797441";"386,77234357";"188,06449791";"91,61049371";"68,79113475";"10,50784556";"141,7640798";"0,41050392";"203,44962405";"29,22591828";"16,98769292";"37,46559948";"429,40983476"
2016;9;"1038,97243478";"1300,02482033";"272,67439404";"201,31074905";"263,32745467";"1159,12530349";"70,8743083500001";"137,54336454";"324,07855133";"66,60198404";"43,8898094800001";"132,40068548";"7,07095988";"1040,5817877";"1,27152538";"235,96772744";"67,02267137";"34,5454998";"0,03502093";"317,99557768"
2016;10;"1264,35004674";"1183,39105686";"197,77854057";"472,21812203";"7,36588297";"929,72904444";"166,93756736";"116,3103874";"118,6758184";"204,10539124";"91,7203998899998";"154,25930794";"60,91050667";"784,16993542";"0,90649205";"216,18691999";"201,29708108";"49,86316774";"186,91438545";"358,49059886"
2016;11;"1379,76893081";"2090,79319582003";"228,81350785";"48,57041457";"5,97954435";"608,79837177";"112,51323713";"354,60768403";"225,2692703";"110,31684959";"43,66604326";"249,34411916";"274,43757889";"296,16749157";"0,37849251";"104,82314506";"81,01800193";"813,690369289999";"212,92105364";"265,64424603"
2016;12;"1727,02090702";"2174,66188460999";"359,710104169999";"808,24101904";"470,40298498";"1601,70081382";"207,00007341";"390,81485951";"347,83601331";"84,837436";"47,88988008";"274,15440793";"126,28478408";"2192,03936289";"0,16759475";"216,6245219";"64,0322936";"288,06066366";"52,10455077";"354,26221334"
2017;1;"1281,20119669";"1066,82453876";"275,11143773";"9,17671307";"6,25785471";"249,61062816";"105,48615545";"34,17009303";"118,2969488";"84,91349485";"55,89576343";"103,15539617";"11,3057496";"574,08921468";"0,10020271";"158,95896815";"20,90931984";"44,27431771";"215,97492667";"303,37263306"
2017;2;"1058,73036416";"1294,94749103";"166,70266361";"91,60707564";"4,88076765";"391,82181102";"55,33366723";"44,98175517";"140,03530582";"44,72729787";"33,7639791";"114,53411818";"194,84961006";"1165,83409936";"0,31816152";"141,45035213";"31,29475148";"80,16552477";"15,04209481";"225,21970241"
2017;3;"1004,98483619";"1181,06809430999";"128,53232358";"84,58609105";"8,27577783";"489,16595127";"128,35019442";"34,31716776";"126,96137113";"176,04917324";"47,01127424";"160,50409051";"16,11341048";"262,33805781";"0,61478582";"70,44030478";"195,75827998";"568,24017452";"128,36748457";"237,52815858"
2017;4;"950,6723517";"1142,7360874";"182,48402307";"164,44940895";"16,15101264";"498,68401155";"133,50789812";"156,18563581";"104,97983478";"87,9587874300001";"44,9264315";"251,34648833";"9,94309241";"2075,19760305";"0,21015132";"89,16236242";"20,03294971";"10,74363798";"0,01789278";"373,88926585"
2017;5;"1208,48104755";"1352,54547613999";"133,4431102";"9,36145389";"12,69839556";"845,62631647";"83,79418056";"49,0006677";"96,4643980500001";"71,7300591900001";"62,57915256";"296,08043237";"31,91164418";"1428,33307977";"0,25858833";"80,81227638";"81,44836087";"80,5348269";"14,09349894";"401,4787007"
2017;6;"1382,55997523";"1423,71372426999";"135,50445157";"147,3246063";"4,72344471";"405,52997783";"70,37500466";"55,32733295";"128,79157341";"105,90683845";"53,8874253";"115,44821451";"5,75973961";"980,38406781";"1,23077457";"94,20353565";"76,78728041";"122,58153472";"0,0062862";"486,37793412"
2017;7;"1242,60579711";"1038,11811533";"219,23230981";"25,55083356";"339,32975216";"467,29722956";"759,279078599998";"40,75605564";"150,83656231";"72,5381463";"50,4017591400001";"105,14857869";"9,44971691";"1269,73187084";"0,42258379";"194,18438693";"41,28789464";"19,78724227";"169,02438305";"494,39542115"
2017;8;"1139,95359556";"1053,86377227";"281,28997824";"132,98134283";"11,5370121";"387,18428125";"127,25924764";"32,02545847";"107,61342445";"54,29143875";"31,64235823";"231,05531493";"37,86868207";"317,38100704";"0,31237532";"32,84615236";"50,61715365";"17,43562756";"160,00651728";"514,85112878"
2017;9;"1122,45900502001";"951,111488419994";"108,84770523";"16,75209028";"20,01498703";"354,02672958";"118,3945277";"33,95739541";"79,0237739199999";"88,64698251";"26,4989774300001";"164,72854141";"65,44297642";"1221,35435799";"0,26742871";"64,38815044";"82,41717299";"58,0561438900001";"0,0";"446,03240414"
2017;10;"1348,85227927001";"1042,00290392";"270,18501252";"56,37451346";"227,28119747";"137,47606232";"63,11405425";"48,89270886";"175,55841757";"58,56284791";"30,50891348";"122,46591907";"82,03640457";"865,60706158";"0,2139853";"102,35958967";"32,9042269";"8,023645";"70,37645";"460,23414539"
2017;11;"1353,56406304";"1098,57631366";"237,85282024";"20,68452101";"15,33121582";"389,0415911";"92,2246541399999";"106,95068172";"95,5708684900001";"75,70625431";"76,5713125500001";"81,77374737";"69,0027655";"1366,85694461";"2,56208837";"81,5524769";"89,26647977";"24,2008201";"80,0";"516,00473133"
2017;12;"1281,15929151";"1831,82197459001";"301,87356732";"382,36911831";"13,52173558";"509,82968852";"126,99136712";"58,77310376";"139,19626196";"155,32208278";"43,69011409";"343,33828336";"161,36753183";"2315,30050141";"2,24544162";"480,63495129";"137,18246018";"167,43520446";"496,24150813";"757,44065565"
2018;1;"936,007336750001";"1119,75340857";"98,85795001";"35,61239242";"17,67365914";"41,2063257";"58,21035319";"21,75272921";"86,36641484";"32,32387509";"26,03635536";"58,90940271";"5,70486876";"864,9094355";"0,27654978";"97,86825808";"45,48351272";"8,39117678";"0,02916393";"299,21539703"
2018;2;"716,1842248";"640,179488399998";"102,89808794";"37,42230604";"22,58726548";"94,77486292";"86,6128676699999";"21,70071929";"59,8194109";"65,07342787";"24,73016654";"126,42301275";"219,59422597";"233,14906099";"0,43638722";"178,96027601";"14,85400385";"4,11460478";"1,07675733";"305,55013807"
2018;3;"1065,9135508";"891,286649279999";"151,94735767";"13,8096829";"9,20372919";"257,45880152";"59,1322236";"30,10115398";"114,73902403";"127,03018037";"20,2214056";"381,85238242";"11,69268225";"558,60450223";"0,08848275";"43,67853516";"103,50150007";"6,18284668";"0,02810457";"496,22973645"
2018;4;"950,521264430001";"697,700578179997";"101,48746944";"264,93122728";"10,85189474";"313,40211415";"51,00376816";"12,1319295";"64,8326500300001";"55,44155978";"17,55513131";"127,09337845";"3,04126856";"660,20123809";"0,02988354";"70,21077742";"70,34874093";"4,11066988";"75,687226";"521,60411607"
2018;5;"1058,58643036";"1355,14575227001";"115,3052582";"119,77536701";"18,135058";"513,93649706";"76,03910907";"36,2228783500001";"110,51236714";"63,80067857";"17,54301444";"124,74332977";"52,23372634";"1427,77402763";"0,20459982";"976,4337586";"71,37552756";"23,00802169";"81,91377961";"760,079803030001"
2018;6;"1036,57309557";"1153,29304777";"128,79692375";"108,23793859";"18,57985975";"962,55749826";"55,63812586";"15,89387518";"70,87108955";"49,101841";"18,78130908";"195,83992551";"102,65152469";"339,32936096";"0,33926962";"724,42804608";"69,03013026";"6,77135356999999";"0,0";"470,84238679"
2018;7;"957,994645340002";"888,645578379998";"159,73500525";"30,14819205";"14,47861043";"302,87076612";"64,32381876";"55,95516682";"71,4602116300001";"21,30192624";"19,38842273";"134,19911909";"16,07888304";"1608,93914507";"0,54667275";"81,18053867";"70,7656547";"8,07009569";"0,00547041";"758,780291780001"
2018;8;"1264,35646151";"1004,44858475";"321,95950499";"75,46608804";"32,13581869";"438,98343954";"57,86474229";"49,2507092500001";"92,9727498700001";"52,84745025";"18,12092122";"114,64052086";"25,98436063";"1256,31933298";"0,49051271";"78,17455152";"154,07316983";"9,14533062000001";"0,01518856";"743,42822157"
2018;9;"1397,66422668";"777,677287509996";"133,38465261";"61,75038164";"7,97658588";"700,05754062";"61,20062534";"42,03715709";"67,46297649";"29,30881658";"15,57544873";"157,23902582";"46,71027175";"281,42900092";"0,00482912";"239,88897347";"11,45356387";"7,13009378";"0,0";"718,54388157"
2018;10;"2069,59224832";"800,643853220004";"366,16260696";"252,84735147";"10,49324331";"548,72385197";"77,0651462";"30,88641645";"81,42993015";"28,20501615";"17,34559873";"53,4262";"3,56118854";"218,31342966";"0,33334744";"43,39200646";"168,18169398";"6,65500021";"0,0";"704,77063044"
2018;11;"1678,52483668";"1217,56473428";"270,45662437";"17,92740074";"9,42729676";"553,77802535";"36,26716773";"86,9933861400001";"70,47676245";"149,74490359";"27,1916014";"40,7673473";"24,0221432";"1309,18740368";"0,56262466";"57,41335621";"81,61716337";"6,07628558";"199,99999999";"628,67479822"
2018;12;"1527,76586544";"1359,66565053";"338,31161351";"10,71967901";"8,02150178";"551,38643636";"73,29302028";"43,02401731";"304,99466263";"180,48645511";"51,85469663";"108,75770928";"54,7781038";"7082,6902722";"0,50428437";"266,5562238";"240,97598997";"5,66972443";"969,56020807";"607,5159958"
2019;1;"1401,7638135";"562,975704790001";"126,30501546";"15,92893725";"10,39272212";"119,89469318";"259,12113905";"15,95020801";"169,82408242";"303,75017569";"10,90349508";"288,68486274";"16,16908775";"1219,44263986";"0,22871566";"765,44333825";"44,19924602";"4,82254305";"0,0";"478,311259669999"
2019;2;"1108,43079517";"385,813625069999";"332,44845084";"25,62605672";"2,5176845";"481,46105985";"21,77380664";"15,91523584";"65,30772044";"67,61500772";"11,4806954";"25,66400368";"0,27299109";"1078,65978904";"0,06575156";"407,35721283";"33,55839908";"15,95948408";"170,01822976";"364,35404709"
2019;3;"1028,86364166";"442,13688779";"164,46123971";"6,69318913";"2,45910511";"150,5792305";"30,38812703";"35,00082557";"74,14268646";"55,3386412";"14,21701815";"774,62857192";"0,52257525";"373,57208178";"0,11707495";"253,57367597";"57,15723739";"6,78485521";"143,33387599";"437,31197297"
2019;4;"1057,53319096";"508,46528262";"88,74368525";"6,63616855";"3,48141741";"194,26851292";"27,80877275";"11,73531457";"61,4754870800001";"79,28674701";"8,67050487";"54,26231996";"0,09735237";"182,41568842";"0,00450565";"104,19697091";"17,12638739";"3,54690446";"0,01590823";"497,56081051"
2019;5;"1113,2199452";"318,379373920001";"127,78612466";"130,8782475";"3,01581237";"198,20980107";"28,56665758";"112,88593841";"64,5277472299999";"20,2862468";"10,10605676";"121,74544428";"47,66593639";"1078,49206668";"0,04112467";"25,65817212";"198,87129499";"22,73732609";"0,00755932";"432,52410077"
2019;6;"647,618293750001";"357,657931630001";"293,90559227";"17,20249432";"9,14985452";"388,79707614";"48,3528275900001";"73,76723182";"96,17731265";"81,27698102";"9,36044347";"141,43406227";"2,62297141";"859,92213722";"0,17002555";"191,93731358";"87,23845712";"6,36748463";"0,00871647";"421,37290957"
2019;7;"830,113481759995";"548,06191936";"136,3931145";"57,97533816";"11,10250801";"102,64925389";"34,96227284";"17,09826785";"95,127566";"51,30676491";"13,68339835";"474,0587732";"0,4872";"827,36599273";"0,49820964";"87,01740474";"144,36932024";"6,88591597";"0,0";"304,78332432"
2019;8;"1329,40021226";"561,09876613";"213,20154204";"3,81949751";"10,82843132";"90,69470977";"33,50373961";"29,64340131";"61,82873683";"39,79032944";"14,42012615";"150,46951369";"9,20756816";"2262,01986916";"0,34550638";"33,43509512";"136,18459505";"4,67999853";"0,0";"324,07591028"
2019;9;"1680,79870899";"472,311761560001";"181,15069285";"6,96078084";"6,72606363";"21,13637635";"69,51363656";"110,13863184";"83,5279059";"35,64713504";"11,10910098";"103,50192382";"18,53120821";"634,95906304";"0,13569839";"47,07438575";"37,96240614";"5,26116458";"0,01761788";"277,81304306"
2019;10;"2118,19756270999";"598,27137631";"120,82224887";"44,49187138";"9,29032493";"22,47405635";"39,64165742";"20,90057425";"50,28771228";"97,41492416";"12,2811662";"44,59114744";"1,5790197";"906,30203787";"0,70403118";"121,20297139";"69,53974944";"6,06293878";"0,0";"268,65261281"
2019;11;"2148,42336105";"835,910988279998";"152,38591778";"20,11334414";"5,55668946";"185,50865207";"26,1557555";"29,4457374";"50,99696583";"46,86757985";"12,01003527";"252,32437904";"448,46607315";"2084,68581729";"0,22439466";"265,24751653";"149,69195306";"6,81929242";"0,01386833";"250,32132099"
2019;12;"1405,36649771";"630,491474440002";"192,77295483";"808,16681719";"4,06115544";"259,18767254";"122,5080169";"46,324369";"57,81149196";"38,47863835";"9,93752";"60,88739539";"5,25379386";"1655,34448747";"0,00800568";"86,29522122";"130,85656531";"10,21840373";"0,0";"232,15942027"
2020;1;"1090,58811829";"318,63977131";"110,25377054";"16,4464484";"3,87818519";"8,28176804";"13,8927285";"19,32300439";"42,14664468";"35,53960786";"10,95446633";"13,43312885";"0,23";"406,37884662";"0,5244251";"7,13153481";"5,59297913";"4,53371745";"0,0";"194,58704135"
2020;2;"844,75016114";"362,462287760001";"129,78467324";"1,60936469";"5,40193205";"212,18389994";"57,0556168";"16,14827361";"32,55706605";"69,23191663";"16,86483608";"103,11491048";"30,76453935";"818,97876839";"0,71021179";"7,14093173";"37,22505275";"3,4929724";"0,0";"134,95875066"
2020;3;"1068,20064073";"452,306927769999";"188,80055084";"6,86604259";"3,13935141";"106,7087439";"23,65584143";"19,868397";"85,32412107";"56,17937668";"14,33155987";"127,02081982";"2,268";"697,72636063";"0,14186163";"23,36265255";"68,60449314";"5,78302213";"0,0";"241,02732569"
2020;4;"701,712525900001";"892,06569225";"124,71854377";"507,12497622";"14,11162317";"8,23502671";"18,61399399";"31,17419372";"64,6337302";"170,00274965";"34,99087181";"447,33035561";"4,1";"1392,36049459";"1,08983016";"61,22867996";"79,2339576100001";"22,32357664";"459,65670133";"231,97750425"
2020;5;"799,294585059998";"1396,5002163";"168,9350643";"5,06015404";"3,38352924";"69,11154035";"67,49334397";"69,7368097599999";"244,21846299";"151,96641351";"47,81322956";"62,8129187";"4,66473159";"380,3837786";"0,37912256";"82,72237945";"600,5716025";"7,41443361";"998,71870877";"390,22243854"
2020;6;"706,6069855";"1294,17835171";"97,73395014";"407,35766539";"33,78462969";"250,44484305";"171,79800188";"25,46055942";"173,29500184";"43,39117413";"36,13475139";"133,80270745";"69,94491062";"2419,1977537";"0,33288996";"64,43703363";"304,99526848";"27,266669190000002";"0,0";"567,29619084"
2020;7;"946,676231499999";"1408,2217698";"139,16207615";"8,22912066";"7,76402605";"135,93313501";"48,92023628";"40,8717127";"105,3279118";"88,77412027";"31,87838162";"67,59432242";"53,64905217";"2705,25451909";"0,50234296";"16,78698982";"28,61170222";"7,92250669";"0,0";"489,91583634"
2020;8;"1892,26431969";"1057,35347705";"121,08449253";"13,73858566";"10,94283298";"1656,35843774";"52,18812063";"23,71822699";"71,00768918";"228,1173362";"32,70676034";"107,43904599";"71,83823143";"1795,13091407";"0,67217044";"20,59366519";"208,76623622";"10,84074315";"0,0";"390,06620848"
2020;9;"2340,48774681";"701,76653726";"86,0118503300001";"8,79477734";"5,72604722";"3,95350927";"53,0838397";"35,22725722";"96,0270269100001";"125,85744795";"34,12849245";"65,30749093";"22,973";"1118,30831179";"1,13473141";"89,48807496";"55,1101603";"6,1993197";"11,71516987";"352,92319106"
2020;10;"2533,19189148999";"762,939082299998";"99,15040426";"11,21713785";"236,67317852";"382,66849764";"97,3304260500001";"40,27429504";"91,3486193";"52,54252263";"20,21423324";"24,37898878";"80,99110952";"588,45299099";"1,10575186";"29,2929331";"117,83092594";"17,96432313";"0,02881996";"472,80399901"
2020;11;"2012,90992240999";"758,894329080002";"46,27387542";"4,40768537";"4,77707023";"510,19500346";"59,00266019";"34,5322415";"57,22519367";"292,98516659";"14,50567156";"40,41921336";"17,78815183";"690,12415219";"0,30144061";"3,10659665";"102,33653432";"7,78422513";"0,05721575";"385,11255215"
2020;12;"1683,12764058";"868,223756610001";"151,25799218";"152,95589891";"260,23572512";"2609,2571825";"42,96379537";"98,12219711";"80,82518631";"76,08583767";"123,48547073";"59,86635471";"13,82799386";"1808,35389484";"0,68173038";"169,59573118";"132,04309138";"12,9563212";"0,0";"539,75807091"
